AKT1	protein	P31749	UNIPROT	ESR1	protein	P03372	UNIPROT	up-regulates	phosphorylation	Ser118	LHPPPQLsPFLQPHG	9606									11108261	t		lperfetto	Studies using mutants of er-alpha demonstrated that akt increased estrogen receptor activity through the amino-terminal activation function-1 (af-1). Serines s104 s106, s118, and s167 appear to play a role in the activation of er-alpha by akt.	SIGNOR-84971	0.777	
AKT1	protein	P31749	UNIPROT	RAF1	protein	P04049	UNIPROT	down-regulates	phosphorylation			9606									22798428	t		gcesareni	Akt negatively regulates the raf and gsk-3 kinases and the cell cycle regulatory transcription factor fkhr.	SIGNOR-252531	0.71	
AKT1	protein	P31749	UNIPROT	TENT2	protein	Q6PIY7	UNIPROT	down-regulates activity	phosphorylation	Ser116	LSGERRYsMPPLFHT	9606	BTO:0000007								31057087	t		miannu	We found that Gld2 activity is regulated by site-specific phosphorylation in its disordered N-terminal domain. We identified two phosphorylation sites (S62, S110) where phosphomimetic substitutions increased Gld2 activity and one site (S116) that markedly reduced activity. Using mass spectrometry, we confirmed that HEK 293 cells readily phosphorylate the N-terminus of Gld2. We identified protein kinase A (PKA) and protein kinase B (Akt1) as the kinases that site-specifically phosphorylate Gld2 at S116, abolishing Gld2-mediated nucleotide addition. 	SIGNOR-259405	0.2	
AKT1	protein	P31749	UNIPROT	VCP	protein	P55072	UNIPROT	up-regulates	phosphorylation	Ser748	RFARRSVsDNDIRKY	9606	BTO:0000150								16551632	t		llicata	Site-directed mutagenesis identified ser-351, ser-745, and ser-747 as akt phosphorylation sites on vcp.  however, our study also suggests that other known biological activities of vcp, such as those related to intracellular trafficking, ubiquitin-mediated proteolysis, and activation of transcription (28), might be regulated by akt through the activation of vcp. I	SIGNOR-252493	0.498	
AKT1	protein	P31749	UNIPROT	EPHA2	protein	P29317	UNIPROT	up-regulates activity	phosphorylation	Ser897	RVSIRLPsTSGSEGV	9606									35869144	t		lperfetto	As non-canonical EphA2 activation requires phosphorylation of EphA2 at serine 897 by pAkt   (Fig.\u00a02b), we sought to determine the effect of PTEN-mediated Akt regulation on invasion.	SIGNOR-279787	0.351	
AKT1	protein	P31749	UNIPROT	FOXO	proteinfamily	SIGNOR-PF27	SIGNOR	down-regulates activity	phosphorylation			9606		BTO:0001103							21798082	t		lperfetto	Akt inactivates protein degradation by phosphorylating and thus repressing the transcription factors of the foxo family, and stimulates protein synthesis via the mammalian target of rapamycin (mtor) and glycogen synthase kinase 3b (gsk3b).	SIGNOR-252841	0.915	
AKT1	protein	P31749	UNIPROT	CARD11	protein	Q9BXL7	UNIPROT	up-regulates activity	phosphorylation	Ser644	NLMFRKFsLERPFRP	-1									24548923	t		miannu	Akt phosphorylates S637 and S645 in the linker region of Carma1 	SIGNOR-276621	0.511	
PDGFRA	protein	P16234	UNIPROT	AKT1	protein	P31749	UNIPROT	up-regulates				9606									24743741	f			To further investigate the signaling pathway through which PDGFRα promotes the proliferation of PDGFRα+ cells, we used inhibitors of PI3K-Akt and Ras-MAPK pathways, which are known to be downstream signaling pathways of PDGFRα	SIGNOR-254376	0.341	
AKT1	protein	P31749	UNIPROT	FOXO3	protein	O43524	UNIPROT	down-regulates activity	phosphorylation	Ser253	APRRRAVsMDNSNKY	9606									19188143	t		lperfetto	Akt-dependent phosphorylation of foxo3a (thr32, ser253, and ser315 for human foxo3) enhances foxo3a/14?3?3 Interaction and promotes foxo3a nuclear export to the cytoplasm, resulting in the repression of foxo3a transcriptional function	SIGNOR-252522	0.914	
AKT1	protein	P31749	UNIPROT	GATA2	protein	P23769	UNIPROT	down-regulates	phosphorylation	Ser401	QTRNRKMsNKSKKSK	9606	BTO:0000876								15837948	t	PI-3K/Akt-dependent manner.	fspada	We show that insulin induces gata2 phosphorylation on serine 401 in a pi-3k/akt-dependent manner. Insulin-dependent phosphorylation of serine 401 impairs gata2 translocation to the nucleus and its dna binding activity	SIGNOR-135614	0.513	
SRC	protein	P12931	UNIPROT	AKT1	protein	P31749	UNIPROT	up-regulates activity	phosphorylation	Tyr326	EVLEDNDyGRAVDWW	9534	BTO:0004055								11445557	t		lperfetto	Regulation of Akt/PKB Activation by Tyrosine PhosphorylationAs shown in Fig. 2 d, while mutation of Tyr340 has little effect on either tyrosine phosphorylation or kinase activity of Akt induced by Src527F, substitution of Tyr315 or Tyr326 with a phenylalanine, respectively, dramatically reduces both the tyrosine phosphorylation and kinase activity of Akt. The combination of these two mutations abolishes Src-induced tyrosine phosphorylation of Akt as well as its kinase activity.	SIGNOR-252623	0.689	
AKT1	protein	P31749	UNIPROT	FOXO	proteinfamily	SIGNOR-PF27	SIGNOR	down-regulates	relocalization			10090	BTO:0002572								18423396	t		lperfetto	Akt1/PKBalpha was found to be the major regulator of phosphorylation and nuclear export ofFoxO1, whose presence in the nucleus strongly attenuates adipocyte differentiation.	SIGNOR-252852	0.915	
SRC	protein	P12931	UNIPROT	AKT1	protein	P31749	UNIPROT	up-regulates activity	phosphorylation	Tyr315	TFCGTPEyLAPEVLE	9534									11445557	t		lperfetto	Regulation of Akt/PKB Activation by Tyrosine PhosphorylationAs shown in Fig. 2 d, while mutation of Tyr340 has little effect on either tyrosine phosphorylation or kinase activity of Akt induced by Src527F, substitution of Tyr315 or Tyr326 with a phenylalanine, respectively, dramatically reduces both the tyrosine phosphorylation and kinase activity of Akt. The combination of these two mutations abolishes Src-induced tyrosine phosphorylation of Akt as well as its kinase activity.	SIGNOR-252620	0.689	
AKT1	protein	P31749	UNIPROT	CBY1	protein	Q9Y3M2	UNIPROT	up-regulates activity	phosphorylation	Ser20	TPPRKSAsLSNLHSL	9606									18573912	t		miannu	These observations argue that Chibby is a bona fide Akt substrate and that Akt kinase phosphorylates Chibby at the serine 20 residue.	SIGNOR-279002	0.592	
AKT1	protein	P31749	UNIPROT	S1PR1	protein	P21453	UNIPROT	up-regulates activity	phosphorylation	Thr236	RTRSRRLtFRKNISK	9606									11583630	t		lperfetto	Activated akt binds to edg-1 and phosphorylates the third intracellular loop at the t(236) residue. Transactivation of edg-1 by akt is not required for g(i)-dependent signaling but is indispensable for rac activation, cortical actin assembly, and chemotaxis	SIGNOR-252467	0.717	
AKT1	protein	P31749	UNIPROT	USP4	protein	Q13107	UNIPROT	up-regulates quantity by stabilization	phosphorylation	Ser445	NHRLRNDsVIVDTFH	9606									22706160	t		miannu	AKT-mediated phosphorylation relocates nuclear USP4 to the cytoplasm and membrane and is required for maintaining its protein stability. 	SIGNOR-273482	0.456	
AKT1	protein	P31749	UNIPROT	MST1R	protein	Q04912	UNIPROT	up-regulates	phosphorylation	Ser1394	VRRPRPLsEPPRPT	9606									14505491	t		lperfetto	Akt/pkb phosphorylates ron ser-1394, thus providing a docking site for 14-3-3based on these results, we propose a mechanism based on msp-ron-dependent phosphorylation and 14-3-3 association, whereby the function of alpha6beta4 switches from a mechanical adhesive device into a signaling component, and might be critically involved in human epidermal wound healing	SIGNOR-252471	0.576	
AKT1	protein	P31749	UNIPROT	CARD11	protein	Q9BXL7	UNIPROT	up-regulates activity	phosphorylation	Ser558	MQPPRSRsSIMSITA	-1									24548923	t		miannu	Here we show that Akt-mediated NF-κB activation is mediated at least in part through direct phosphorylation of the adaptor protein Carma1, which we previously demonstrated could interact with Akt in a TCR ligation-dependent manner. The putative Akt phosphorylation sites in Carma1 are distinct from known PKC consensus sites. Mutation of S551, S637 and S645 in Carma1 to non-phosphorylatable residues decreased phosphorylation of GST-Carma1-linker construct by Akt in vitro. 	SIGNOR-276254	0.511	
perifosine	chemical	CHEBI:67272	ChEBI	AKT1	protein	P31749	UNIPROT	down-regulates	chemical inhibition			9606	BTO:0001130								14617782	t	Perifosine causes decrease in Akt Ser473 and Thr308 phosphorylation	gcesareni	Perifosine is an alkylphospholipid that targets the pleckstrin homology domain of akt and blocks its membrane translocation, hence preventing akt phosphorylation and activation	SIGNOR-252629	0.8	
AKT1	protein	P31749	UNIPROT	BAD	protein	Q92934	UNIPROT	down-regulates activity	phosphorylation	Ser99	PFRGRSRsAPPNLWA	9606	BTO:0000007								9381178	t			Active Akt induced a significant increase in BAD phosphorylation.  mutant BAD with alanine substitutions at Ser112 and Ser136 was not phosphorylated by active Akt .  phosphorylation of BAD by Akt will preclude its binding to membrane-anchored Bcl-xL, leading to increased cell survival.	SIGNOR-252563	0.83	
TBK1	protein	Q9UHD2	UNIPROT	AKT1	protein	P31749	UNIPROT	up-regulates	phosphorylation	Ser473	RPHFPQFsYSASGTA	9606									21329883	t		lperfetto	Upon mitogen stimulation, triggering of the innate immune response, re-exposure to glucose, or oncogene activation, tbk1 is recruited to the exocyst, where it activates akt. Akt is a direct tbk1 substrate that connects tbk1 to prosurvival signaling.	SIGNOR-252608	0.399	
ACP1	protein	P24666	UNIPROT	AKT1	protein	P31749	UNIPROT	down-regulates activity	dephosphorylation	Ser473	RPHFPQFsYSASGTA	10090									17353188	t			Reduction in the levels of both LMW-PTP isoforms in vitro and in vivo increased tyrosine phosphorylation of IR and AktSer473 and increased IRS-1- and IRS-2-associated PI3-K activities in both liver and fat.|Activated PI3-K stimulates Akt (or protein kinase B) that in turn phosphorylates and inactivates glycogen synthase kinase-3	SIGNOR-248455	0.318	
AKT1	protein	P31749	UNIPROT	TSC2	protein	P49815	UNIPROT	down-regulates activity	phosphorylation	Ser939	SFRARSTsLNERPKS	10090	BTO:0000944								12150915	t		lperfetto	We demonstrate that, upon activation of PI3K, tuberin is phosphorylated on consensus recognition sites for PI3K-dependent S/T kinases. Moreover, Akt/PKB can phosphorylate tuberin in vitro and in vivo. We also show that S939 and T1462 of tuberin are PI3K-regulated phosphorylation sites and that T1462 is constitutively phosphorylated in PTEN(-/-) tumor-derived cell lines.	SIGNOR-235511	0.827	
AKT1	protein	P31749	UNIPROT	HSF1	protein	Q00613	UNIPROT	up-regulates activity	phosphorylation	Thr142	DSVTKLLtDVQLMKG	9606									35080342	t		miannu	AKT1 and AKT2 phosphorylate HSF1 at S326 but only AKT1 activates HSF1.|Mass spectrometry showed that AKT1 also phosphorylated HSF1 at T142, S230 and T527 in addition to S326, whereas the other kinases did not.	SIGNOR-278372	0.4	
AKT1	protein	P31749	UNIPROT	FOXO1	protein	Q12778	UNIPROT	down-regulates activity	phosphorylation	Ser256	SPRRRAAsMDNNSKF	-1	BTO:0000318								10377430	t		lperfetto	Here we show that the activation of phosphatidylinositol 3 (PI3) kinase by extracellular growth factors induces phosphorylation, nuclear export, and transcriptional inactivation of FKHR1, a member of the FKHR subclass of the forkhead family of transcription factors. Protein kinase B (PKB)/Akt, a key mediator of PI3 kinase signal transduction, phosphorylated recombinant FKHR1 in vitro at threonine-24 and serine-253. Mutants FKHR1(T24A), FKHR1(S253A), and FKHR1(T24A/S253A) were resistant to both PKB/Akt-mediated phosphorylation and PI3 kinase-stimulated nuclear export.	SIGNOR-236159	0.876	
INS	protein	P01308	UNIPROT	AKT1	protein	P31749	UNIPROT	up-regulates				10090									12530968	f		lperfetto	The forkhead transcription factor foxo1 is regulated by insulin via akt-dependent phosphorylation and nuclear exclusion.	SIGNOR-252627	0.767	
AKT1	protein	P31749	UNIPROT	PTK2	protein	Q05397	UNIPROT	up-regulates activity	phosphorylation	Thr700	MESRRQAtVSWDSGG	9606									31138602	t		miannuccelli	In mouse embryonic fibroblasts, AKT1 phosphorylates S695 and T700 on FAK ( xref ) and in human colon cancer cells AKT1 phosphorylates S517, S601, and S695 on FAK ( xref , xref ).|This suggests that further activation of FAK by AKT1 ( beyond that of Pten loss alone ) is required to promote FA turnover , increase tumor invasion , and ultimately elicit brain metastasis .	SIGNOR-279777	0.421	
AKT1	protein	P31749	UNIPROT	YBX1	protein	P67809	UNIPROT	up-regulates	phosphorylation	Ser102	NPRKYLRsVGDGETV	9606	BTO:0000150								19036157	t		lperfetto	Phosphorylation of yb-1 at the serine 102 residue is required for transcriptional activation of growth-enhancing genes, such as egfr. Herein, we illustrate that activated akt binds to and phosphorylates the yb-1 cold shock domain at ser102	SIGNOR-252521	0.547	
AKT1	protein	P31749	UNIPROT	TBC1D4	protein	O60343	UNIPROT	down-regulates	phosphorylation			9606		BTO:0000887							12637568	t		gcesareni	Recently, we identified a 160-kda protein in adipocytes, designated as160, that is phosphorylated by the insulin-activated kinase akt	SIGNOR-252594	0.776	
PPP2CA	protein	P67775	UNIPROT	AKT1	protein	P31749	UNIPROT	down-regulates activity	dephosphorylation	Ser473	RPHFPQFsYSASGTA	10090	BTO:0000944								15367694	t			Protein phosphatase 2A negatively regulates insulin's metabolic signaling pathway by inhibiting Akt (protein kinase B) activity in 3T3-L1 adipocytes	SIGNOR-252606	0.896	
AKT1	protein	P31749	UNIPROT	HK2	protein	P52789	UNIPROT	up-regulates activity	phosphorylation	Thr473	QHRARQKtLEHLQLS	9606	BTO:0000192								31435020	t			K63-linked ubiquitination enhances the interaction between Akt and HK2 and eventually increases HK2 phosphorylation on Thr473 and mitochondrial localization	SIGNOR-259984	0.44	
AKT1	protein	P31749	UNIPROT	PFKP	protein	Q01813	UNIPROT	up-regulates quantity	phosphorylation			9606									29038421	t		lperfetto	A reduction in AKT expression as a result of AKT1 shRNA expression or MK-2206 treatment decreased the half-life of endogenous PFKP, while the expression of active Myr-AKT1 prolonged the half-life of PFKP.|In addition, depletion of endogenous PFKP and reconstitution of RNAi resistant WT Flag-rPFKP or Flag-rPFKP S386A expression in U251 or U87 and EGFRvIII cells revealed that the S386A mutation abolished PFKP phosphorylation induced by EGF, constitutively active Myr-AKT1, and EGFRvIII.	SIGNOR-279788	0.584	
AKT1	protein	P31749	UNIPROT	FOXO	proteinfamily	SIGNOR-PF27	SIGNOR	down-regulates	phosphorylation	Ser197	APRRRAAsMDSSSKL	9606									16272144	t		lperfetto	Foxo4 transcription factor, also referred to afx, contains three putative phosphorylation motif sites for protein kinase b (pkb), thr32, ser197, and ser262, and it is proposed that phosphorylated foxo4 stays in the cytosol and is imported to the nucleus through dephosphorylation to induce target gene expression	SIGNOR-252853	0.915	
AKT1	protein	P31749	UNIPROT	CLK2	protein	P49760	UNIPROT	up-regulates	phosphorylation	Ser34	HKRRRSRsWSSSSDR	9606	BTO:0000567								20682768	t		lperfetto	Akt directly binds to and phosphorylates clk2 on serine 34 and threonine 127, in vitro and in vivo.Our results suggest that akt activation controls cell survival to ionizing radiation by phosphorylating clk2, revealing an important regulatory mechanism required for promoting cell surviva	SIGNOR-167336	0.381	
MK-2206	chemical	CHEBI:67271	ChEBI	AKT1	protein	P31749	UNIPROT	down-regulates	chemical inhibition			9606	BTO:0001286								21841310	t		gcesareni	Treatment with the pi3k inhibitor ly294002 or the akt inhibitor mk2206 diminished s473 phosphorylation.	SIGNOR-252461	0.8	
AKT1	protein	P31749	UNIPROT	PFKFB3	protein	Q16875	UNIPROT	up-regulates	phosphorylation	Ser461	NPLMRRNsVTPLASP	9606									15896703	t		gcesareni	We also found that AMP activated protein kinase and protein kinases A, B, and C catalyzed the phosphorylation of Ser-460 of HBP1, and that in addition both isoforms are phosphorylated at a second, as yet undetermined site by protein kinase C. However, none of the phosphorylations had any effect on the intrinsic kinetic characteristics of either enzymatic activity, and neither did point mutation (mimicking phosphorylation), deletion, and alternative-splice modification of the HBP1 carboxy-terminal region. Instead, these phosphorylations and mutations decreased the sensitivity of the 6PF2K to a potent allosteric inhibitor, phosphoenolpyruvate, which appears to be the major regulatory mechanism.	SIGNOR-252477	0.422	
AKT1	protein	P31749	UNIPROT	GSK3B	protein	P49841	UNIPROT	down-regulates activity	phosphorylation	Ser9	SGRPRTTsFAESCKP	9606	BTO:0000007								9373175	t		gcesareni	Evidence that the inhibition of glycogen synthase kinase-3beta by IGF-1 is mediated by PDK1/PKB-induced phosphorylation of Ser-9	SIGNOR-252546	0.797	
AKT1	protein	P31749	UNIPROT	PFKFB2	protein	O60825	UNIPROT	unknown	phosphorylation	Ser483	IRRPRNYsVGSRPLK	9606	BTO:0000567								12853467	t			14-3-3s bind directly to cardiac PFK-2 phosphorylated by PKB. PFK-2 was phosphorylated on both Ser466 and Ser483 by PKB. the precise mechanism of fru-2,6-P2 regulation by 14-3-3s is still puzzling.	SIGNOR-252575	0.664	
AKT1	protein	P31749	UNIPROT	RAF1	protein	P04049	UNIPROT	down-regulates	phosphorylation	Ser259	SQRQRSTsTPNVHMV	9606	BTO:0000150;BTO:0001130								16854453	t		gcesareni	Akt and protein kinase a (pka) phosphorylate s259 on raf-1 and inhibit its activity.	SIGNOR-147963	0.71	
ACVR1	protein	Q04771	UNIPROT	AKT1	protein	P31749	UNIPROT	down-regulates activity				9606									18801898	f		gcesareni	Akt/mTOR signaling is a key target that accounts for myostatin function during muscle atrophy, uncovering a novel role for myostatin in protein metabolism and more specifically in the regulation of translation in skeletal muscle.	SIGNOR-252463	0.247	
LRRK2	protein	Q5S007	UNIPROT	AKT1	protein	P31749	UNIPROT	up-regulates	phosphorylation	Ser473	RPHFPQFsYSASGTA	9606	BTO:0000938								24916379	t		lperfetto	Expression of wild-type LRRK2 promoted neuronal survival against apoptosis through activation of the downstream effector, Akt by phosphorylation of Ser473. Phosphorylated Akt in turn inhibited FOXO 1 signaling	SIGNOR-252598	0.371	
perifosine	chemical	CHEBI:67272	ChEBI	AKT1	protein	P31749	UNIPROT	down-regulates	chemical inhibition			9606									22090271	t	Perifosine causes decrease in Akt Ser473 and Thr308 phosphorylation	gcesareni	Perifosine is an alkylphospholipid that targets the pleckstrin homology domain of akt and blocks its membrane translocation, hence preventing akt phosphorylation and activation	SIGNOR-252630	0.8	
AKT1	protein	P31749	UNIPROT	MAP3K5	protein	Q99683	UNIPROT	down-regulates activity	phosphorylation	Ser83	ATRGRGSsVGGGSRR	9606	BTO:0000007								11154276	t		lperfetto	Akt phosphorylates and negatively regulates apoptosis signal-regulating kinase 1 akt decreased ask1 kinase activity stimulated by both oxidative stress and overexpression in 293 cells by phosphorylating a consensus akt site at serine 83 of ask1.	SIGNOR-252465	0.736	
SRC	protein	P12931	UNIPROT	AKT1	protein	P31749	UNIPROT	up-regulates activity	phosphorylation	Tyr315	TFCGTPEyLAPEVLE	9606	BTO:0000007								12600984	t		lperfetto	We also showed that phosphorylation of Tyr-315 in Akt induced by Src or EGF is dependent on the integrity of this proline-rich motif. Furthermore, the Akt mutant lacking this proline motif fails to block the transcription activity of Forkhead in 293 cells and poorly stimulates the proliferation of Madin-Darby canine kidney cells. Taken together, our data suggest that the interaction between the SH3 domain of Src family kinases and the proline-rich motif in the C-terminal regulatory region of Akt is required for tyrosine phosphorylation of Akt and its subsequent activation.	SIGNOR-252621	0.689	
PRKDC	protein	P78527	UNIPROT	AKT1	protein	P31749	UNIPROT	up-regulates activity	phosphorylation	Ser473	RPHFPQFsYSASGTA	9606	BTO:0001949								18439899	t		gcesareni	DNA-PK phosphorylates HM Ser473 of PKB. However, we also noted similar patterns in T loop Thr308 phosphorylation after _-IR []his function is apparently restricted to the PKBalpha isoform	SIGNOR-252431	0.765	
AKT1	protein	P31749	UNIPROT	CTBP1	protein	Q13363	UNIPROT	down-regulates quantity	phosphorylation			9606									20361981	t		miannu	Co-expression of Pc2 and Akt1 results in both phosphorylation and ubiquitylation of CtBP1, thereby targeting CtBP1 for degradation.|CtBP1 phosphorylation by Akt1 appears to both decrease dimerization and induce ubiquitylation.	SIGNOR-278304	0.474	
AKT1	protein	P31749	UNIPROT	FOXO	proteinfamily	SIGNOR-PF27	SIGNOR	down-regulates quantity by destabilization	phosphorylation	Ser315	DFRSRTNsNASTVSG										19951971	t		lperfetto	AKT phosphorylates FOXO3a at three conserved sites (Thr32, Ser253 and Ser315), therefore creating binding sites for the 14-3-3 chaperone proteins and leading to the active export of FOXO3a to the cytoplasm where it is targeted for proteasomal degradation.	SIGNOR-252845	0.915	
AKT1	protein	P31749	UNIPROT	FANCA	protein	O15360	UNIPROT	unknown	phosphorylation	Ser1149	CLRSRDPsLMVDFIL	-1									11855836	t			FANCA is phosphorylated at Ser1149 by Akt. The biological significance of FANCA phosphorylation and its regulation by Akt remains unclear at this time.	SIGNOR-252567	0.449	
AKT1	protein	P31749	UNIPROT	CDCA7	protein	Q9BWT1	UNIPROT	down-regulates	phosphorylation	Thr163	SRRPRRRtFPGVASR	9606									23166294	t		llicata	The prosurvival kinase akt phosphorylates cdca7 at threonine 163, promoting binding to 14-3-3, dissociation from myc, and sequestration to the cytoplasm.  we have mapped the domains of interaction and have discovered that akt phosphorylates cdca7 near this contact region, leading to loss of its association with myc, binding to 14-3-3 proteins, and exclusion from the nucleus.	SIGNOR-252533	0.335	
AKT1	protein	P31749	UNIPROT	DAB2IP	protein	Q5VWQ8	UNIPROT	down-regulates activity	phosphorylation	Ser971	STRLRQQsSSSKGDS	9606									27858941	t		miannu	DAB2IP can be phosphorylated by RIP1 on Ser 604 within the PER domain, and by AKT1 on Ser 847 within the proline-rich domain. Although RIP1-mediated phosphorylation is stimulatory,40 a recent study reported that AKT-mediated phosphorylation inhibits DAB2IP functions	SIGNOR-254780	0.488	
AKT1	protein	P31749	UNIPROT	TMIGD2	protein	Q96BF3	UNIPROT	up-regulates activity	phosphorylation	Ser220	GKDQRGQsIYSTSFP	9606	BTO:0001973								31341021	t		miannu	We observed that IGPR-1 is activated by shear stress and tensile force and that flow shear stress-mediated IGPR-1 activation modulates remodeling of endothelial cells.  Mechanistically, shear stress stimulated activation of AKT Ser/Thr kinase 1 (AKT1), leading to phosphorylation of IGPR-1 at Ser-220. 	SIGNOR-273481	0.2	
ILK	protein	Q13418	UNIPROT	AKT1	protein	P31749	UNIPROT	up-regulates activity	phosphorylation	Ser473	RPHFPQFsYSASGTA	-1									11313365	t		miannu	ILK Phosphorylates PKB/Akt on Serine 473 To become fully activated, PKB/Akt requires phosphorylation at two sites, threonine 308 and serine 473, in a phosphatidylinositol (PI) 3-kinase-dependent manner.	SIGNOR-252596	0.79	
AKT1	protein	P31749	UNIPROT	MTOR	protein	P42345	UNIPROT	up-regulates	phosphorylation			9606		BTO:0001103							15829723	t		apalma	Once phosphorylated, Akt can act on a broad spectrum of substrates that can influence cell survival and proliferation and protein synthesis (65). Phosphorylation of mTOR by Akt leads to mTOR activation (40, 52) and the subsequent activation of p70S6K	SIGNOR-255107	0.933	
(2s)-1-{[5-(3-Methyl-1h-Indazol-5-Yl)pyridin-3-Yl]oxy}-3-Phenylpropan-2-Amine	chemical	CID:11314340	PUBCHEM	AKT1	protein	P31749	UNIPROT	down-regulates activity	chemical inhibition			-1									22037378	t		llicata	Our data set represents the most detailed comprehensive assessment of the reactivity of known and clinical kinase inhibitors across the kinome published to date. | The data also show that for at least 15 of the 27 kinases that are the primary, intended targets for the compounds tested and that are represented in the assay panel, selective inhibitors, as assessed by both absolute selectivity across the kinome and selectivity relative to the primary target, are among the 72 tested here. 	SIGNOR-258064	0.8	
AKT1	protein	P31749	UNIPROT	BRAF	protein	P15056	UNIPROT	down-regulates activity	phosphorylation	Ser429	PQRERKSsSSSEDRN	9606	BTO:0000007								10869359	t			Akt phosphorylates both S364 and S428. Akt downregulates B-Raf activity in vivo	SIGNOR-251472	0.447	
AKT1	protein	P31749	UNIPROT	CDKN1C	protein	P49918	UNIPROT	down-regulates	phosphorylation	Thr310	GVGSVEQtPRKRLR	9606	BTO:0000150								23421998	t		lperfetto	Cdk inhibitor p57 (kip2) is downregulated by akt during her2-mediated tumorigenicityakt phosphorylates p57 on ser 282 or thr310. Akt activity results in destabilization of p57 by accelerating turnover rate of p57 and enhancing p57 ubiquitination	SIGNOR-252536	0.438	
AKT1	protein	P31749	UNIPROT	RAC1	protein	P63000	UNIPROT	down-regulates activity	phosphorylation	Ser71	YDRLRPLsYPQTDVF	9606	BTO:0000848								10617634	t			Akt protein kinase inhibits Rac1-GTP binding through phosphorylation at serine 71 of Rac1	SIGNOR-252576	0.737	
AKT1	protein	P31749	UNIPROT	MAPKAP1	protein	Q9BPZ7	UNIPROT	up-regulates activity	phosphorylation	Thr86	GIRRRSNtAQRLERL	10090	BTO:0002572								26235620	t		miannu	Akt phosphorylates SIN1 at T86, enhancing mTORC2 kinase activity, which leads to phosphorylation of Akt S473 by mTORC2, thereby catalyzing full activation of Akt.	SIGNOR-276932	0.715	
AKT1	protein	P31749	UNIPROT	EZH2	protein	Q15910	UNIPROT	down-regulates activity	phosphorylation	Ser21	CWRKRVKsEYMRLRQ	9606									16224021	t		lperfetto	Enhancer of zeste homolog 2 (ezh2) is a methyltransferase that plays an important role in many biological processes through its ability to trimethylate lysine 27 in histone h3. Here, we show that akt phosphorylates ezh2 at serine 21 and suppresses its methyltransferase activity by impeding ezh2 binding to histone h3	SIGNOR-141043	0.582	
AKT1	protein	P31749	UNIPROT	MTOR	protein	P42345	UNIPROT	unknown	phosphorylation	Ser2448	RSRTRTDsYSAGQSV	9606									10910062	t		lperfetto	Although AKT phosphorylated mTOR at two COOH-terminal sites (Thr2446 and Ser2448) in vitro, Ser2448 was the major phosphorylation site in insulin-stimulated or -activated AKT-expressing human embryonic kidney cells. Transient transfection assays with mTOR mutants bearing Ala substitutions at Ser2448 and/or Thr2446 indicated that AKT-dependent mTOR phosphorylation was not essential for either PHAS-I phosphorylation or p70S6K activation in HEK cells.	SIGNOR-251099	0.933	
AKT1	protein	P31749	UNIPROT	FOXO3	protein	O43524	UNIPROT	down-regulates activity	phosphorylation	Ser315	DFRSRTNsNASTVSG	9606									19188143	t		lperfetto	Akt-dependent phosphorylation of foxo3a (thr32, ser253, and ser315 for human foxo3) enhances foxo3a/14?3?3 Interaction and promotes foxo3a nuclear export to the cytoplasm, resulting in the repression of foxo3a transcriptional function	SIGNOR-252523	0.914	
AKT1	protein	P31749	UNIPROT	MAP3K8	protein	P41279	UNIPROT	up-regulates activity	phosphorylation	Ser400	EDQPRCQsLDSALLE	9606	BTO:0000007								12138205	t			Akt-dependent phosphorylation of Cot occurs exclusively on serines 400 and 413.  Akt to phosphorylate Cot at two sites in the carboxy-terminal domain, at least one of which may promote binding of substrates or coactivators to Cot, or alternatively may relieve binding of a negative regulator.	SIGNOR-252571	0.574	
PTK6	protein	Q13882	UNIPROT	AKT1	protein	P31749	UNIPROT	up-regulates	phosphorylation	Tyr315	TFCGTPEyLAPEVLE	9606	BTO:0000150	BTO:0001129							20606012	t		gcesareni	Here we demonstrate that AKT is a direct substrate of PTK6 and that AKT tyrosine residues 315 and 326 are phosphorylated by PTK6.	SIGNOR-252618	0.498	
AKT1	protein	P31749	UNIPROT	Hexokinase	proteinfamily	SIGNOR-PF76	SIGNOR	up-regulates activity	phosphorylation			9606	BTO:0000192								31435020	t	inferred from family member		K63-linked ubiquitination enhances the interaction between Akt and HK2 and eventually increases HK2 phosphorylation on Thr473 and mitochondrial localization	SIGNOR-270267	0.476	
AKT1	protein	P31749	UNIPROT	FSTL1	protein	Q12841	UNIPROT	up-regulates quantity by expression	transcriptional regulation			9606									18718903	f		miannu	Akt1 Overexpression in Skeletal Muscle Increases Capillary Vessel Formation and Up-regulates Fstl1 Expression	SIGNOR-266605	0.38	
AKT1	protein	P31749	UNIPROT	ESR1	protein	P03372	UNIPROT	up-regulates	phosphorylation	Ser167	GGRERLAsTNDKGSM	9606									11108261	t		lperfetto	Studies using mutants of er-alpha demonstrated that akt increased estrogen receptor activity through the amino-terminal activation function-1 (af-1). Serines s104 s106, s118, and s167 appear to play a role in the activation of er-alpha by akt.	SIGNOR-84975	0.777	
PI3K	complex	SIGNOR-C156	SIGNOR	AKT1	protein	P31749	UNIPROT	up-regulates activity	phosphorylation			9606		BTO:0001103							15829723	t		apalma	IGF-I binding to its receptor activates the kinase activity of the receptor, which then recruits the insulin response substrate-1, causing activation of phosphatidyl-inositol-3 kinase (PI3K) to phosphorylate Akt.	SIGNOR-255106	0.803	
AKT1	protein	P31749	UNIPROT	FOXO3	protein	O43524	UNIPROT	down-regulates activity	phosphorylation	Thr32	QSRPRSCtWPLQRPE	9606									19188143	t		lperfetto	Akt-dependent phosphorylation of foxo3a (thr32, ser253, and ser315 for human foxo3) enhances foxo3a/14-3-3 Interaction and promotes foxo3a nuclear export to the cytoplasm, resulting in the repression of foxo3a transcriptional function	SIGNOR-252524	0.914	
AKT1	protein	P31749	UNIPROT	FOXO	proteinfamily	SIGNOR-PF27	SIGNOR	down-regulates	phosphorylation			9606									21798082	t		gcesareni	Akt inactivates protein degradation by phosphorylating and thus repressing the transcription factors of the foxo family, and stimulates protein synthesis via the mammalian target of rapamycin (mtor) and glycogen synthase kinase 3b (gsk3b).	SIGNOR-252843	0.915	
AKT1	protein	P31749	UNIPROT	CTNNB1	protein	P35222	UNIPROT	up-regulates	phosphorylation	Ser552	QDTQRRTsMGGTQQQ	9606									17287208	t		lperfetto	Phosphorylation of beta-catenin by akt promotes beta-catenin transcriptional activity|we have demonstrated that akt phosphorylates beta-catenin at ser552 in vitro and in vivo.	SIGNOR-252499	0.815	
MTOR	protein	P42345	UNIPROT	AKT1	protein	P31749	UNIPROT	up-regulates activity	phosphorylation	Ser473	RPHFPQFsYSASGTA	9606	BTO:0000132		SIGNOR-C2						21592956	t		lperfetto	Protein kinase B (PKB, Akt) is a Ser/Thr kinase involved in the regulation of cell survival, proliferation, and metabolism and is activated by dual phosphorylation on Thr(308) in the activation loop and Ser(473) in the hydrophobic motif. It plays a contributory role to platelet function, although little is known about its regulation. In this study, we investigated the role of the mammalian target of rapamycin complex (mTORC)-2 in Akt regulation using the recently identified small molecule ATP competitive mTOR inhibitors PP242 and Torin1.	SIGNOR-217869	0.933	
THEM4	protein	Q5T1C6	UNIPROT	AKT1	protein	P31749	UNIPROT	down-regulates	binding			9606									11598301	t		gcesareni	Here, we describe a protein partner for pkbalpha termed ctmp, or carboxyl-terminal modulator protein, that binds specifically to the carboxyl-terminal regulatory domain of pkbalpha at the plasma membrane. Binding of ctmp reduces the activity of pkbalpha by inhibiting phosphorylation on serine 473 and threonine 308.	SIGNOR-111003	0.712	
AKT1	protein	P31749	UNIPROT	PTPN1	protein	P18031	UNIPROT	down-regulates activity	phosphorylation	Ser50	RNRYRDVsPFDHSRI	10090	BTO:0000944								11579209	t		lperfetto	Phosphorylation of ptp1b at ser(50) by akt impairs its ability to dephosphorylate the insulin receptor.	SIGNOR-252542	0.754	
AKT1	protein	P31749	UNIPROT	DLX5	protein	P56178	UNIPROT	up-regulates	phosphorylation			9606									22298955	t		gcesareni	Akt, a member of the ser-ine/threonine-specific protein kinase, was found to phosphorylate osx and dlx5. akt interacts with and phosphorylates dlx5. In addition, we provide evidences that akt kinase activity is important for akt to enhance the protein stability and transcriptional activity of dlx5.	SIGNOR-195546	0.263	
PTEN	protein	P60484	UNIPROT	AKT1	protein	P31749	UNIPROT	down-regulates activity				9606	BTO:0001332								19903340	f		lperfetto	PTEN-mediated suppression of the PI3K/AKT pathway is well established, accumulating evidence suggests that nuclear PTEN also plays a critical role in tumor suppression	SIGNOR-189105	0.62	
AKT1	protein	P31749	UNIPROT	FOXO4	protein	P98177	UNIPROT	down-regulates	phosphorylation			9606									21798082	t		gcesareni	Akt inactivates protein degradation by phosphorylating and thus repressing the transcription factors of the foxo family, and stimulates protein synthesis via the mammalian target of rapamycin (mtor) and glycogen synthase kinase 3b (gsk3b).	SIGNOR-175291	0.775	
AKT1	protein	P31749	UNIPROT	DOCK6	protein	Q96HP0	UNIPROT	up-regulates activity	phosphorylation	Ser1194	GQRSRLAsMLDSDTE										23462102	t		lperfetto	Akt and PP2A reciprocally regulate the guanine nucleotide exchange factor Dock6 to control axon growth of sensory neurons|At later developmental stages, the abundance of the kinase Akt increased, resulting in the binding of Akt to Dock6 and the phosphorylation of Dock6 at Ser(1194). | In dorsal root ganglion neurons from mice lacking Dock6, reintroduction of Dock6 with a nonphosphorylatable S1194A mutation rescued axon extension but not branch number, whereas reintroduction of Dock6 with a phosphomimetic S1194E mutation resulted in premature branching	SIGNOR-275666	0.368	
AKT1	protein	P31749	UNIPROT	IRAK1	protein	P51617	UNIPROT	down-regulates activity	phosphorylation	Thr100	LRARDIItAWHPPAP	9606	BTO:0000007								11976320	t		gcesareni	CaMKKc and Akt overexpression increases IRAK1 phosphorylation at Thr100, and point mutation of this site abrogates the inhibitory effect of Akt on IRAK1-mediated NF-kappaB activation.	SIGNOR-252551	0.378	
TCL1B	protein	O95988	UNIPROT	AKT1	protein	P31749	UNIPROT	up-regulates	binding			9606	BTO:0000782;BTO:0001271								10983986	t		gcesareni	In vivo, tcl1 forms trimers, which associate with akt. Tcl1 facilitates the oligomerization and activation of akt. Our data show that tcl1 is a novel akt kinase coactivator, which promotes akt-induced cell survival and proliferation.	SIGNOR-81713	0.683	
AKT1	protein	P31749	UNIPROT	AGAP2	protein	Q99490	UNIPROT	up-regulates	phosphorylation	Ser985	THLSRVRsLDLDDWP	9606	BTO:0001130								19176382	t		llicata	In addition, we have found that activated akt can bind and phosphorylate ggap2 at serine 629, which enhances gtp binding by ggap2.	SIGNOR-183543	0.486	
SHH	protein	Q15465	UNIPROT	AKT1	protein	P31749	UNIPROT	up-regulates				9606	BTO:0000222;BTO:0002314	BTO:0000887							17688959	f		gcesareni	Most importantly, we report that shh induces mapk/erk and phosphoinositide 3-kinase (pi3k)-dependent akt phosphorylation and that activation of both signaling pathways is essential for shh's signaling in muscle cells. However, the effect of shh on akt phosphorylation is more robust than that on mapk/erk, and data suggest that shh influences these pathways in a manner similar to igf-i.	SIGNOR-157291	0.463	
AKT1	protein	P31749	UNIPROT	RANBP3	protein	Q9H6Z4	UNIPROT	unknown	phosphorylation	Ser126	VKRERTSsLTQFPPS	9606									18280241	t		llicata	Akt regulates ranbp3 phosphorylation in vitro and in vivo	SIGNOR-252504	0.356	
AKT1	protein	P31749	UNIPROT	PDCD4	protein	Q53EL6	UNIPROT	down-regulates	phosphorylation	Ser67	KRRLRKNsSRDSGRG	9606	BTO:0000007	BTO:0001253							18296647	t		gcesareni	Both akt and p70(s6k) phosphorylate pdcd4, allowing for binding of the e3-ubiquitin ligase beta-trcp and consequently ubiquitylation.	SIGNOR-252505	0.43	
AKT1	protein	P31749	UNIPROT	RARG	protein	P13631	UNIPROT	up-regulates activity	phosphorylation	Ser371	YARRRRPsQPYMFPR	9606	BTO:0000093								31740618	t		miannu	S379 of RARγ is indispensable for the CLDN6-triggered cellular events. The most important finding of the present study is that the CLDN6/SFK/PI3K/AKT signaling controls the RARγ and ERα activities (Fig. 6).	SIGNOR-277492	0.488	
AKT1	protein	P31749	UNIPROT	YAP1	protein	P46937	UNIPROT	down-regulates	phosphorylation	Ser127	PQHVRAHsSPASLQL	9606									12535517	t		gcesareni	One protein that associates with 14-3-3 in an akt-dependent manner is shown here to be the yes-associated protein (yap), which is phosphorylated by akt at serine 127, leading to binding to 14-3-3. Akt promotes yap localization to the cytoplasm, resulting in loss from the nucleus where it functions as a coactivator of transcription factors including p73.	SIGNOR-252593	0.581	
PTPRF	protein	P10586	UNIPROT	AKT1	protein	P31749	UNIPROT	down-regulates	dephosphorylation	Ser473	RPHFPQFsYSASGTA	9606									15896785	t	10226025:Protein kinase B (PKB) is activated by phosphorylation of Thr308 and of Ser473.	acerquone	Knock-down of lar by the l3 sirna probe markedly inhibited the insulin-stimulated increase in the phosphorylation of protein kinase b (pkb, also called akt) on serine 473 by >90%	SIGNOR-137246	0.337	
PTK6	protein	Q13882	UNIPROT	AKT1	protein	P31749	UNIPROT	up-regulates	phosphorylation	Tyr326	EVLEDNDyGRAVDWW	9606	BTO:0000150	BTO:0001129							20606012	t		gcesareni	Here we demonstrate that AKT is a direct substrate of PTK6 and that AKT tyrosine residues 315 and 326 are phosphorylated by PTK6.	SIGNOR-252622	0.498	
PTPN1	protein	P18031	UNIPROT	AKT1	protein	P31749	UNIPROT	down-regulates	dephosphorylation			9606									15632081	t		gcesareni	Whereas insulin-induced phosphatidylinositol 3-kinase/akt signaling was prolonged in both tcptp-/- and ptp1b-/- immortalized mouse embryo fibroblasts (mefs), mitogen-activated protein kinase erk1/2 signaling was elevated only in ptp1b- mefs	SIGNOR-252639	0.754	
PHLPP2	protein	Q6ZVD8	UNIPROT	AKT1	protein	P31749	UNIPROT	down-regulates	dephosphorylation	Ser473	RPHFPQFsYSASGTA	9606	BTO:0000527								15808505	t		gcesareni	Here, we identify a protein phosphatase, ph domain leucine-rich repeat protein phosphatase (phlpp), that specifically dephosphorylates the hydrophobic motif of akt (ser473 in akt1), triggering apoptosis and suppressing tumor growth.[...] These data are consistent with phlpp terminating akt signaling by directly dephosphorylating and inactivating akt.	SIGNOR-252602	0.785	
AKT1	protein	P31749	UNIPROT	GSK3B	protein	P49841	UNIPROT	down-regulates activity				9606		BTO:0001103							15829723	t		apalma	GSK-3beta activity can be inhibited by Akt phosphorylation (12), which may provide a mechanism for Akt to promote muscle growth through inhibition of the negative regulator GSK-3beta.	SIGNOR-255109	0.797	
AKT1	protein	P31749	UNIPROT	FOXO4	protein	P98177	UNIPROT	down-regulates activity	phosphorylation	Ser197	APRRRAAsMDSSSKL	10090	BTO:0004245								10217147	t			Here we show that protein kinase B phosphorylates AFX, a human orthologue of daf -16 (refs 5, 6, 9), both in vitro and in vivo.	SIGNOR-252568	0.775	
mTORC2	complex	SIGNOR-C2	SIGNOR	AKT1	protein	P31749	UNIPROT	up-regulates activity	phosphorylation	Thr450	TAQMITItPPDQDDS	10090	BTO:0002572								18566586	t		gcesareni	MTORC2 phosphorylates newly synthesized Akt at the TM (Thr450) site to facilitate carboxyl-terminal folding and to stabilize Akt	SIGNOR-252438	0.654	
POU5F1	protein	Q01860	UNIPROT	AKT1	protein	P31749	UNIPROT	down-regulates quantity by repression	transcriptional regulation			9606	BTO:0004180								23041284	t		flangone	Furthermore, in ECCs, unphosphorylated Oct4 bound to the AKT1 promoter and repressed its transcription.	SIGNOR-252635	0.452	
AKT1	protein	P31749	UNIPROT	PARK7	protein	Q99497	UNIPROT	up-regulates activity	phosphorylation	Thr125	GFGSKVTtHPLAKDK										32858971	t		lperfetto	Using a proteomic approach, we identified on DJ-1 a novel threonine phosphorylation (T125) that was found, by the in-silico tool scansite 4, as part of a putative Akt consensus. |Deglycase activity of DJ-1 on histones proteins, investigated by coupling 2D tau gel with LC-MS/MS and 2D-TAU (Triton-Acid-Urea)-Western blot, was found correlated with its phosphorylation status that, in turn, depends from Akt activation. 	SIGNOR-275582	0.458	
PDK1	protein	Q15118	UNIPROT	AKT1	protein	P31749	UNIPROT	up-regulates activity	phosphorylation			9606									15068796	t		miannu	Since both AKT-1, AKT-2, and SGK-1 are phosphorylated by PDK-1 and are themselves capable of phosphorylating DAF-16, their direct contact may reflect a temporary, regulatory interaction.|This demonstrates that functional PDK-1 is required to activate AKT-1, AKT-2, and SGK-1 in vivo.	SIGNOR-278973	0.583	
AKT1	protein	P31749	UNIPROT	PRKCD	protein	Q05655	UNIPROT	up-regulates activity	phosphorylation			9606									25247763	t		miannu	Of note, the amino acid sequence adjacent to Ser204 phosphorylation site matches the minimal AKT substrate motif (RxxpS) suggesting that AKT1 could potentially directly regulate PRKCD through phosphorylation.|This integrative analysis allowed us to confirm that the enrichment of PRKCD centered network is likely the result of elevated phosphorylation of PRKCD by AKT1.	SIGNOR-280175	0.258	
AKT1	protein	P31749	UNIPROT	BAD	protein	Q92934	UNIPROT	down-regulates activity	phosphorylation	Ser99	PFRGRSRsAPPNLWA	9606	BTO:0000938								9346240	t		lperfetto	Experiments in this study reveal that akt phosphorylates bad both in vitro and in vivo and that akt-mediated phosphorylation of bad effectively blocks bad induced cell death.[...] In addition, these findings implicate a particular phosphorylation site on bad, serine 136, in the suppression of bad-mediated death by akt.[...]The Phosphorylation of bad may lead to the prevention of cell death via a mechanism that involves the selective association of the phosphorylated forms of bad with 14-3-3 protein isoforms. Akt phosphorylates bad in vitro and in vivo we show that growth factor activation of the pi3'k/akt signaling pathway culminates in the phosphorylation of the bcl-2 family member bad, thereby suppressing apoptosis and promoting cell survival. Akt phosphorylates bad in vitro and in vivo erbb-mediated phosphorylation of bad by akt promotes survival by blocking the interaction of this pro-apoptotic molecule with bcl-2 and bcl-x proteins	SIGNOR-52863	0.83	
AKT1	protein	P31749	UNIPROT	MDM2	protein	Q00987	UNIPROT	up-regulates	phosphorylation	Ser188	RKRHKSDsISLSFDE	9606		BTO:0000671							15169778	t		lperfetto	Stabilization of mdm2 via decreased ubiquitination is mediated by protein kinase b/akt-dependent phosphorylationhere we show that pkb inhibits mdm2 self-ubiquitination via phosphorylation of mdm2 on ser(166) and ser(188)	SIGNOR-124953	0.818	
AKT1	protein	P31749	UNIPROT	ARFIP2	protein	P53365	UNIPROT	unknown	phosphorylation	Ser260	GTRGRLEsAQATFQA	9606	BTO:0000938								15809304	t		llicata	Akt phosphorylated arfaptin 2 at ser(260).  we have also demonstrated that arfaptin 2 phosphorylation restores proteasome activity that is inhibited by the presence of polyq-huntingtin in cells.	SIGNOR-252476	0.451	
AKT1	protein	P31749	UNIPROT	FOXO	proteinfamily	SIGNOR-PF27	SIGNOR	down-regulates quantity by destabilization	phosphorylation			9606									21440011	t		lperfetto	Phosphorylation of FoxOs by Akt inhibits transcriptional functions of FoxOs and contributes to cell survival, growth and proliferation.The PI3K/Akt signaling regulates cell proliferation and survival in part by phosphorylating FoxOs to promote their interaction with 14-3-3 protein that results in nuclear exclusion and eventual ubiquitin proteasome pathway (UPP)-dependent degradation of FoxOs	SIGNOR-252858	0.915	
mTORC2	complex	SIGNOR-C2	SIGNOR	AKT1	protein	P31749	UNIPROT	up-regulates activity	phosphorylation	Ser473	RPHFPQFsYSASGTA	9606									21157483	t		lperfetto	Mammalian TOR complex 1 (mTORC1) and mTORC2 exert their actions by regulating other important kinases, such as S6 kinase (S6K) and Akt.Recent findings have revealed novel important roles for mTORC2 in the phosphorylation of AGC kinase family members. mTORC2 phosphorylates and activates Akt, SGK, and PKC, which regulate cell survival, cell cycle progression and anabolism	SIGNOR-217004	0.654	
MTOR	protein	P42345	UNIPROT	AKT1	protein	P31749	UNIPROT	up-regulates activity	phosphorylation	Ser473	RPHFPQFsYSASGTA	9606	BTO:0000182;BTO:0000018		SIGNOR-C2						15718470	t		lperfetto	The rictor-mtor complex directly phosphorylated akt/pkb on ser473 in vitro and facilitated thr308 phosphorylation by pdk1	SIGNOR-252599	0.933	
CSNK2A1	protein	P68400	UNIPROT	AKT1	protein	P31749	UNIPROT	up-regulates	phosphorylation	Ser129	SGSPSDNsGAEEMEV	9606	BTO:0000007								21735093	t		gcesareni	CK2 hyperactivates AKT by phosphorylation at Ser129	SIGNOR-252595	0.364	
AKT1	protein	P31749	UNIPROT	SOX2	protein	P48431	UNIPROT	up-regulates quantity by stabilization	phosphorylation	Thr116	KYRPRRKtKTLMKKD	9606	BTO:0002428								30894683	t		miannu	Phosphorylation of SOX2 at threonine 116 by AKT inhibits the interaction of UBR5 with SOX2 and thus stabilizes SOX2. 	SIGNOR-277445	0.522	
AKT1	protein	P31749	UNIPROT	PFKFB2	protein	O60825	UNIPROT	up-regulates activity	phosphorylation	Ser466	PVRMRRNsFTPLSSS	9606		BTO:0000562							10521487	t		gcesareni	Heart 6-phosphofructo-2-kinase activation by insulin results from ser-466 and ser-483 phosphorylation and requires 3-phosphoinositide-dependent kinase-1, but not protein kinase b.	SIGNOR-252584	0.664	
TNF	protein	P01375	UNIPROT	AKT1	protein	P31749	UNIPROT	up-regulates				9606									11287630	f		lperfetto	Tumor necrosis factor (tnf) inhibited insulin-promoted tyrosine phosphorylation of irs-1 and activated the akt/protein kinase b serine-threonine kinase, a downstream target for phosphatidylinositol 3-kinase	SIGNOR-106593	0.474	
AKT1	protein	P31749	UNIPROT	PFKFB2	protein	O60825	UNIPROT	unknown	phosphorylation	Ser466	PVRMRRNsFTPLSSS	9606	BTO:0000567								12853467	t			14-3-3s bind directly to cardiac PFK-2 phosphorylated by PKB. PFK-2 was phosphorylated on both Ser466 and Ser483 by PKB. the precise mechanism of fru-2,6-P2 regulation by 14-3-3s is still puzzling.	SIGNOR-252574	0.664	
3-[1-[[4-(7-phenyl-3H-imidazo[4,5-g]quinoxalin-6-yl)phenyl]methyl]-4-piperidinyl]-1H-benzimidazol-2-one	chemical	CHEBI:91346	ChEBI	AKT1	protein	P31749	UNIPROT	down-regulates activity	chemical inhibition												25309440	t		lperfetto	Different agents were used to inhibit either the PI3K/Akt or MEK/ERK pathways. The PI3K inhibitor, LY294002, and the Akt inhibitor, Akt inhibitor VIII, were used to inhibit the PI3K/Akt pathway.	SIGNOR-262010	0.8	
ATM	protein	Q13315	UNIPROT	AKT1	protein	P31749	UNIPROT	down-regulates activity				9606		BTO:0000887							18534819	f		gcesareni	The decreased atm expression suggests that atm is involved in the development of insulin resistance through down-regulation of akt activity.	SIGNOR-161434	0.443	
AKT1	protein	P31749	UNIPROT	AR	protein	P10275	UNIPROT	down-regulates activity	phosphorylation	Ser792	CVRMRHLsQEFGWLQ	9534	BTO:0001538								11404460	t		lperfetto	Akt suppresses androgen-induced apoptosis by phosphorylating and inhibiting androgen receptor. Here, we demonstrate that akt phosphorylates the androgen receptor (ar) at ser-210 and ser-790	SIGNOR-108508	0.574	
AKT1	protein	P31749	UNIPROT	LARP6	protein	Q9BRS8	UNIPROT	up-regulates activity	phosphorylation	Ser451	QEKSPGTsPLLSRKM	9606	BTO:0000007								26932461	t		miannu	Akt dependent phosphorylation of LARP6. We provide the first description that LARP6 is phosphorylated at multiple sites and that phosphorylation of S451 is critical to activate the protein in type I collagen biosynthesis.	SIGNOR-277213	0.35	
AKT1	protein	P31749	UNIPROT	DLX5	protein	P56178	UNIPROT	up-regulates	phosphorylation			9606									21619873	t		gcesareni	Akt, a member of the ser-ine/threonine-specific protein kinase, was found to phosphorylate osx and dlx5. akt interacts with and phosphorylates dlx5. In addition, we provide evidences that akt kinase activity is important for akt to enhance the protein stability and transcriptional activity of dlx5.	SIGNOR-252513	0.263	
AKT1	protein	P31749	UNIPROT	FAS	protein	P25445	UNIPROT	down-regulates				9606									15004527	f		gcesareni	Akt may serve to stimulate certain proteins (e.g., Ikk) involved in the prevention of apoptosis such as nf-kb as well as repress other proteins normally involved in the induction of apoptosis such as the forkhead transcription factors (fkhr, now know as foxo3), creb, glycogen synthetase-3 kinase-beta (gsk-3beta), fas, caspase-9 and cell cycle inhibitors such as p27	SIGNOR-252473	0.38	
CyclinA2/CDK2	complex	SIGNOR-C83	SIGNOR	AKT1	protein	P31749	UNIPROT	up-regulates activity	phosphorylation	Thr479	FSYSASGtA	9606	BTO:0000093								24670654	t		gcesareni	Phosphorylation of S477 and T479 at the Akt extreme carboxy terminus by cyclin-dependent kinase 2 (Cdk2)/cyclin A or mTORC2, under distinct physiological conditions, promotes Akt activation through facilitating, or functionally compensating for, S473 phosphorylation	SIGNOR-252443	0.409	
AKT1	protein	P31749	UNIPROT	mTORC1	complex	SIGNOR-C3	SIGNOR	up-regulates	phosphorylation			9606		BTO:0001103							15829723	t		apalma	Once phosphorylated, Akt can act on a broad spectrum of substrates that can influence cell survival and proliferation and protein synthesis (65). Phosphorylation of mTOR by Akt leads to mTOR activation (40, 52) and the subsequent activation of p70S6K	SIGNOR-255844	0.743	
AKT1	protein	P31749	UNIPROT	STK3	protein	Q13188	UNIPROT	down-regulates	phosphorylation	Thr117	IIRLRNKtLIEDEIA	9606									20086174	t		llicata	We determined that mst2 phosphorylation by akt limits mst2 activity in two ways: first, by blocking its binding to rassf1a and by promoting its association into the raf-1 inhibitory complex, and second, by preventing homodimerization of mst2, which is needed for its activation.  we identified t117 and t384 as akt phosphorylation sites in mst2.	SIGNOR-163533	0.349	
AKT1	protein	P31749	UNIPROT	FOXO1	protein	Q12778	UNIPROT	down-regulates activity	phosphorylation	Thr24	LPRPRSCtWPLPRPE	-1	BTO:0000318								10377430	t		lperfetto	Here we show that the activation of phosphatidylinositol 3 (PI3) kinase by extracellular growth factors induces phosphorylation, nuclear export, and transcriptional inactivation of FKHR1, a member of the FKHR subclass of the forkhead family of transcription factors. Protein kinase B (PKB)/Akt, a key mediator of PI3 kinase signal transduction, phosphorylated recombinant FKHR1 in vitro at threonine-24 and serine-253. Mutants FKHR1(T24A), FKHR1(S253A), and FKHR1(T24A/S253A) were resistant to both PKB/Akt-mediated phosphorylation and PI3 kinase-stimulated nuclear export.	SIGNOR-236163	0.876	
AKT1	protein	P31749	UNIPROT	NOS3	protein	P29474	UNIPROT	up-regulates activity	phosphorylation	Ser615	SYKIRFNsISCSDPL	9606	BTO:0001853								24379783	t		lperfetto	The phosphorylation of both S617 and S635 have also been shown to promote increased eNOS-derived NO release (Michell et al., 2002). The phosphorylaiton of S617 can be induced by PKA or Akt activity, and may serve to sensitize eNOS to calmodulin binding and modulate the phosphorylation of other eNOS sites	SIGNOR-251622	0.883	
AKT1	protein	P31749	UNIPROT	SLC2A4	protein	P14672	UNIPROT	up-regulates				9606									9415393	f	Translocation from intracellular compartment to cell surface in muscle and adipose tissue	gcesareni	Akt is not only capable of stimulating the translocation of glut4 to the cell surface. Endogenous akt is likely to play a significant physiological role in insulin-stimulated glucose uptake in insulin targets such as muscle and adipose tissue	SIGNOR-252580	0.539	
AKT1	protein	P31749	UNIPROT	PDK1	protein	Q15118	UNIPROT	up-regulates activity	phosphorylation	Thr346	APRPRVEtSRAVPLA	-1									27505672	t		miannu	 Using a phosphoproteomics screen, we now show that active Akt accumulates in the mitochondria during hypoxia and phosphorylates pyruvate dehydrogenase kinase 1 (PDK1) on Thr346 to inactivate the pyruvate dehydrogenase complex. 	SIGNOR-277272	0.583	
AKT1	protein	P31749	UNIPROT	PEA15	protein	Q15121	UNIPROT	up-regulates activity	phosphorylation	Ser116	KDIIRQPsEEEIIKL	9606	BTO:0000007								12808093	t		lperfetto	Protein kinase b/akt binds and phosphorylates ped/pea-15, stabilizing its antiapoptotic action.	SIGNOR-102092	0.507	
AKT1	protein	P31749	UNIPROT	RAB3IP	protein	Q96QF0	UNIPROT	up-regulates activity	phosphorylation	Ser165	LSRLRSPsVLEVREK	9606	BTO:0001950								36797475	t		miannu	Rabin8 is phosphorylated and activated by Akt in cells grown on stiff ECM.	SIGNOR-277816	0.2	
AKT1	protein	P31749	UNIPROT	TSC2	protein	P49815	UNIPROT	down-regulates activity	phosphorylation	Thr1462	GLRPRGYtISDSAPS	10090	BTO:0000944								12150915	t		lperfetto	We demonstrate that, upon activation of PI3K, tuberin is phosphorylated on consensus recognition sites for PI3K-dependent S/T kinases. Moreover, Akt/PKB can phosphorylate tuberin in vitro and in vivo. We also show that S939 and T1462 of tuberin are PI3K-regulated phosphorylation sites and that T1462 is constitutively phosphorylated in PTEN(-/-) tumor-derived cell lines.	SIGNOR-235515	0.827	
AKT1	protein	P31749	UNIPROT	VCP	protein	P55072	UNIPROT	up-regulates	phosphorylation	Ser352	AATNRPNsIDPALRR	9606	BTO:0000150								16551632	t		llicata	Site-directed mutagenesis identified ser-351, ser-745, and ser-747 as akt phosphorylation sites on vcp.  however, our study also suggests that other known biological activities of vcp, such as those related to intracellular trafficking, ubiquitin-mediated proteolysis, and activation of transcription (28), might be regulated by akt through the activation of vcp. I	SIGNOR-252491	0.498	
AKT1	protein	P31749	UNIPROT	PTK2	protein	Q05397	UNIPROT	up-regulates activity	phosphorylation	Ser517	FLQVRKYsLDLASLI	9606									31138602	t		miannuccelli	In mouse embryonic fibroblasts, AKT1 phosphorylates S695 and T700 on FAK ( xref ) and in human colon cancer cells AKT1 phosphorylates S517, S601, and S695 on FAK ( xref , xref ).|This suggests that further activation of FAK by AKT1 ( beyond that of Pten loss alone ) is required to promote FA turnover , increase tumor invasion , and ultimately elicit brain metastasis .	SIGNOR-279774	0.421	
AKT1	protein	P31749	UNIPROT	CDKN1B	protein	P46527	UNIPROT	down-regulates	phosphorylation	Thr198	PGLRRRQt	9606									12042314	t		miannu	Because Thr198-phosphorylated p27Kip1 was localized only in the cytoplasm, Akt might promote 14-3-3 binding to p27Kip1 by phosphorylation at Thr198, allowing its cytoplasmic localization and degradation.	SIGNOR-88294	0.857	
AKT1	protein	P31749	UNIPROT	TSC	complex	SIGNOR-C101	SIGNOR	down-regulates activity	phosphorylation			10090	BTO:0000011								19593385	t		lperfetto	 In examining the requirements for different Akt-mediated phosphorylation sites on TSC2, we find that only TSC2 mutants lacking all five previously identified Akt sites fully block insulin-stimulated mTORC1 signaling in reconstituted Tsc2 null cells, and this mutant also inhibits adipogenesis	SIGNOR-235340	0.796	
AKT1	protein	P31749	UNIPROT	FOXO1	protein	Q12778	UNIPROT	down-regulates	phosphorylation	Ser319	TFRPRTSsNASTISG	9606									11237865	t		lperfetto	The transcription factor, forkhead in rhabdomyosarcoma (FKHR), is phosphorylated at three amino acid residues (Thr-24, Ser-256 and Ser-319) by protein kinase b (PKB)alpha. FKHR (forkhead in rhabdomyosarcoma), AFX (all1 fused gene from chromosome x) and FKHRL1 (FKHR-like 1) are phosphorylated directly by PKB in cells, preventing them from stimulating gene transcription and leading to their exit from the nucleus.	SIGNOR-105459	0.876	
AKT1	protein	P31749	UNIPROT	CARD11	protein	Q9BXL7	UNIPROT	up-regulates activity	phosphorylation	Ser644	NLMFRKFsLERPFRP	-1									24548923	t		miannu	Here we show that Akt-mediated NF-κB activation is mediated at least in part through direct phosphorylation of the adaptor protein Carma1, which we previously demonstrated could interact with Akt in a TCR ligation-dependent manner. The putative Akt phosphorylation sites in Carma1 are distinct from known PKC consensus sites. Mutation of S551, S637 and S645 in Carma1 to non-phosphorylatable residues decreased phosphorylation of GST-Carma1-linker construct by Akt in vitro. 	SIGNOR-276255	0.511	
AKT1	protein	P31749	UNIPROT	CARHSP1	protein	Q9Y2V2	UNIPROT	unknown	phosphorylation	Ser52	TRRTRTFsATVRASQ	9606		BTO:0000671							15910284	t		lperfetto	These and other results demonstrate that crhsp24 is phosphorylated at ser52 by pkbalpha in response to igf-1, at ser52 by pkbalpha and rsk in response to egf	SIGNOR-252478	0.339	
AKT1	protein	P31749	UNIPROT	FOXO1	protein	Q12778	UNIPROT	down-regulates	phosphorylation			9606									21798082	t		lperfetto	Akt inactivates protein degradation by phosphorylating and thus repressing the transcription factors of the FoxO family, and stimulates protein synthesis via the mammalian target of rapamycin (mTOR) and glycogen synthase kinase 3b (GSK3B).	SIGNOR-175285	0.876	
GSK690693	chemical	CHEBI:90677	ChEBI	AKT1	protein	P31749	UNIPROT	down-regulates activity	chemical inhibition			-1									22037378	t		Luana	Our data set represents the most detailed comprehensive assessment of the reactivity of known and clinical kinase inhibitors across the kinome published to date. | The data also show that for at least 15 of the 27 kinases that are the primary, intended targets for the compounds tested and that are represented in the assay panel, selective inhibitors, as assessed by both absolute selectivity across the kinome and selectivity relative to the primary target, are among the 72 tested here. 	SIGNOR-258118	0.8	
AKT1	protein	P31749	UNIPROT	TTC3	protein	P53804	UNIPROT	up-regulates	phosphorylation	Ser378	AYTPRSLsAPIFTTS	9606									20059950	t		llicata	Phosphorylation of ttc3 at ser378 is required for efficient biological function  together, these observations support that ttc3 is a phosphorylation target of akt both in an in vitro and in a cellular context	SIGNOR-252508	0.387	
AKT1	protein	P31749	UNIPROT	ADRB2	protein	P07550	UNIPROT	down-regulates	phosphorylation	Ser345	ELLCLRRsSLKAYGN	9606									11809767	t		lperfetto	Akt mediates sequestration of the beta(2)-adrenergic receptor in response to insulin. Phosphorylation studies of the c-terminal cytoplasmic domain of the beta(2)-adrenergic receptor by akt in vitro identified ser(345) and ser(346) within a consensus motif for akt phosphorylation.	SIGNOR-252469	0.35	
AKT1	protein	P31749	UNIPROT	RNF11	protein	Q9Y3C5	UNIPROT	down-regulates quantity	phosphorylation	Thr135	DWLMRSFtCPSCMEP	9606	BTO:0003474								16123141	t		gcesareni	Upon inhibition of the AKT pathway or mutation of T135, the phosphorylation at one of these sites is virtually eliminated, suggesting that AKT may phosphorylate RNF11 at T135. Moreover, RNF11 is phosphorylated by AKT in vitro and is recognized by phospho-AKT substrate antibodies. RNF11 shows enhanced binding to 14-3-3 in WM239 cells compared with that seen in the parental WM35 cells which have low AKT activity	SIGNOR-252558	0.447	
PIK3CA	protein	P42336	UNIPROT	AKT1	protein	P31749	UNIPROT	up-regulates activity				9606		BTO:0000150							19573809	f		lperfetto	However, here we show through phosphoprotein profiling and functional genomic studies that many PIK3CA mutant cancer cell lines and human breast tumors exhibit only minimal AKT activation and a diminished reliance on AKT for anchorage-independent growth	SIGNOR-252634	0.827	
mTORC2	complex	SIGNOR-C2	SIGNOR	AKT1	protein	P31749	UNIPROT	up-regulates activity	phosphorylation	Thr479	FSYSASGtA	9606	BTO:0000093								24670654	t		gcesareni	Phosphorylation of S477 and T479 at the Akt extreme carboxy terminus by cyclin-dependent kinase 2 (Cdk2)/cyclin A or mTORC2, under distinct physiological conditions, promotes Akt activation through facilitating, or functionally compensating for, S473 phosphorylation	SIGNOR-252444	0.654	
AKT1	protein	P31749	UNIPROT	HSF1	protein	Q00613	UNIPROT	up-regulates activity	phosphorylation	Ser326	SSVDTLLsPTALIDS	-1									35080342	t		miannu	Mass spectrometry showed that AKT1 also phosphorylated HSF1 at T142, S230 and T527 in addition to S326, whereas the other kinases did not. Subsequent investigation revealed that phosphorylation at T142 is necessary for HSF1 trimerization and that S230, S326 and T527 are required for HSF1 gene transactivation and recruitment of TFIIB and CDK9.	SIGNOR-277581	0.4	
AKT1	protein	P31749	UNIPROT	ITGB3	protein	P05106	UNIPROT	down-regulates activity	phosphorylation	Thr779	LYKEATStFTNITYR	9606	BTO:0000132								10896934	t		gcesareni	A survey of several protein kinases revealed that Thr-753 was avidly phosphorylated by PDK1 and Akt/PKB in vitro. These observations suggest that activation of PDK1 and/or Akt/PKB in platelets may modulate the binding activity and/or specificity of beta(3) for signaling molecules.	SIGNOR-252552	0.628	
AKT1	protein	P31749	UNIPROT	FBXW7	protein	Q969H0	UNIPROT	up-regulates activity	phosphorylation	Ser227	QQRRRITsVQPPTGL	9606	BTO:0000567								21620836	t		miannu	A reciprocal immunoprecipiation with anti-phospho-Akt substrate antibody followed by immunoblotting with anti-FLAG antibodies confirmed these findings (Fig. 1C). We concluded that Fbw7 is phosphorylated at S227 in vivo. Phosphorylation of Fbw7 is required for its biological activity. 	SIGNOR-276328	0.404	
AKT1	protein	P31749	UNIPROT	ZYX	protein	Q15942	UNIPROT	down-regulates	phosphorylation	Ser142	PQPREKVsSIDLEID	9606									17572661	t		llicata	Akt binds and phosphorylates zyxin on serine 142, leading to its association with acinus  zyxin is a substrate of caspases, but akt phosphorylation fails to protect its proteolytic degradation	SIGNOR-156122	0.41	
AKT1	protein	P31749	UNIPROT	UBE2S	protein	Q16763	UNIPROT	up-regulates quantity by stabilization	phosphorylation	Thr152	AARARLLtEIHGGAG	9606	BTO:0000007								27593939	t		lperfetto	Mechanistically, Akt1 physically interacted with and phosphorylated UBE2S at Thr 152, enhancing its stability by inhibiting proteasomal degradation.	SIGNOR-265078	0.427	
AKT1	protein	P31749	UNIPROT	JAG1	protein	P78504	UNIPROT	up-regulates quantity by expression	transcriptional regulation			9606									38402584	f		miannu	Jagged1 is upregulated by Akt upon activation by R-Ras. All three Akt isoforms influence Jagged1 expression in ECs, but Akt3 is the most prominent Akt isoform in this role, despite its low expression level compared with Akt1. Jagged1 then activates Notch to upregulate Hey1, Hes1, p21, p53, and Unc5b in adjacent cells. 	SIGNOR-277222	0.404	
PIP3	smallmolecule	CHEBI:16618	ChEBI	AKT1	protein	P31749	UNIPROT	up-regulates activity	relocalization			9606									23633519	t		lperfetto	Akt is a serine-threonine protein kinase that plays important roles in cell growth, proliferation and apoptosis. It is activated after binding to phosphatidylinositol phosphates pips) with phosphate groups at positions 3,4 and 3,4,5 on the inositol ring.	SIGNOR-252641	0.8	
AKT1	protein	P31749	UNIPROT	PRKAA1	protein	Q13131	UNIPROT	down-regulates activity	phosphorylation	Ser496	ATPQRSGsVSNYRSC	-1									27784766	t		miannu	Purified PKC and Akt both phosphorylated AMPKα1 Ser487 in vitro with similar efficiency. PKC activation was associated with reduced AMPK activity, as inhibition of PKC increased AMPK activity and phorbol esters inhibited AMPK, an effect lost in cells expressing mutant AMPKα1 Ser487Ala. Consistent with a pathophysiological role for this modification, AMPKα1 Ser487 phosphorylation was inversely correlated with insulin sensitivity in human muscle.	SIGNOR-276461	0.289	
AKT1	protein	P31749	UNIPROT	VCP	protein	P55072	UNIPROT	up-regulates	phosphorylation	Ser746	AMRFARRsVSDNDIR	9606	BTO:0000150								16551632	t		llicata	Site-directed mutagenesis identified ser-351, ser-745, and ser-747 as akt phosphorylation sites on vcp.  however, our study also suggests that other known biological activities of vcp, such as those related to intracellular trafficking, ubiquitin-mediated proteolysis, and activation of transcription (28), might be regulated by akt through the activation of vcp. I	SIGNOR-252492	0.498	
AKT1	protein	P31749	UNIPROT	BMI1	protein	P35226	UNIPROT	up-regulates activity	phosphorylation	Ser316	ANRPRKSsVNGSSAT										22505453	t		lperfetto	The polycomb group silencing protein Bmi1 can be phosphorylated by AKT, which enhances its oncogenic potential in PCa. Overexpression of Bmi1 can act in combination with PTEN haploinsufficiency to induce invasive carcinogenic formation in the prostate	SIGNOR-252559	0.432	
AKT1	protein	P31749	UNIPROT	HSF1	protein	Q00613	UNIPROT	up-regulates activity	phosphorylation	Ser230	PKYSRQFsLEHVHGS	-1									35080342	t		miannu	Mass spectrometry showed that AKT1 also phosphorylated HSF1 at T142, S230 and T527 in addition to S326, whereas the other kinases did not. Subsequent investigation revealed that phosphorylation at T142 is necessary for HSF1 trimerization and that S230, S326 and T527 are required for HSF1 gene transactivation and recruitment of TFIIB and CDK9.	SIGNOR-277580	0.4	
ILK	protein	Q13418	UNIPROT	AKT1	protein	P31749	UNIPROT	up-regulates	phosphorylation	Ser473	RPHFPQFsYSASGTA	9606									9736715	t		acerquone	Ilk can phosphorylate pkb-akt on serine-473, whereas kinase-deficient ilk severely inhibits endogenous phosphorylation of pkb-akt on serine-473, demonstrating that ilk is involved in agonist stimulated, pi(3)k-dependent, pkb-akt activation.	SIGNOR-252597	0.79	
PDPK2P	protein	Q6A1A2	UNIPROT	AKT1	protein	P31749	UNIPROT	up-regulates	phosphorylation			9606									15505410	t		gcesareni	Akt to the plasma membrane where it is phosphorylated and activated by phosphoinositide-dependent kinase (pdk) 1 and pdk2.	SIGNOR-252628	0.2	
mTORC2	complex	SIGNOR-C2	SIGNOR	AKT1	protein	P31749	UNIPROT	up-regulates activity	phosphorylation	Ser473	RPHFPQFsYSASGTA	9606	BTO:0000132								21592956	t		lperfetto	Protein kinase B (PKB, Akt) is a Ser/Thr kinase involved in the regulation of cell survival, proliferation, and metabolism and is activated by dual phosphorylation on Thr(308) in the activation loop and Ser(473) in the hydrophobic motif. It plays a contributory role to platelet function, although little is known about its regulation. In this study, we investigated the role of the mammalian target of rapamycin complex (mTORC)-2 in Akt regulation using the recently identified small molecule ATP competitive mTOR inhibitors PP242 and Torin1.	SIGNOR-217012	0.654	
AKT1	protein	P31749	UNIPROT	HIRA	protein	P54198	UNIPROT	up-regulates activity	phosphorylation			9606									27515126	t		miannu	Consistently, HIRA phosphorylation was effectively decreased by Akt1 knockdown and was completely eliminated by the depletion of both Akt1 and Akt2, suggesting that HIRA is phosphorylated primarily by Akt1 and that Akt2 seemed to contribute to HIRA phosphorylation as a supplementary kinase in myoblasts (XREF_FIG).|In this study, HIRA was more efficiently targeted by Akt1 in myoblasts.	SIGNOR-279584	0.2	
MAPK8	protein	P45983	UNIPROT	AKT1	protein	P31749	UNIPROT	up-regulates activity	phosphorylation	Thr450	TAQMITItPPDQDDS	10116	BTO:0003324								16306447	t		gcesareni	We report that JNKs are necessary for the reactivation of Akt after ischemic injury. We identified Thr450 of Akt as a residue that is phosphorylated by JNKs, and the phosphorylation status of Thr450 regulates reactivation of Akt after hypoxia, apparently by priming Akt for subsequent phosphorylation by 3-phosphoinositide-dependent protein kinase. 	SIGNOR-252426	0.419	
AKT1	protein	P31749	UNIPROT	PDE3B	protein	Q13370	UNIPROT	up-regulates	phosphorylation	Ser295	VIRPRRRsSCVSLGE	9606									10454575	t		esanto	Pde3b is a physiological substrate of akt and that akt-mediated phosphorylation of pde3b on serine-273 is important for insulin-induced activation of pde3b.	SIGNOR-252583	0.697	
hsa-miR-374b-5p	mirna	URS000033F45D_9606	RNAcentral	AKT1	protein	P31749	UNIPROT	down-regulates quantity by repression	post transcriptional regulation			9606	BTO:0003582								26100275	t		Parnian	These data suggest that miR-374b may negatively regulate the expression of Wnt16 and AKT1 by directly targeting the 3'-UTR of their mRNA.	SIGNOR-278856	0.4	
MAPK4	protein	P31152	UNIPROT	AKT1	protein	P31749	UNIPROT	up-regulates activity	phosphorylation	Thr308	KDGATMKtFCGTPEY	9606	BTO:0001109								30688659	t		miannu	 Mechanistically, MAPK4 directly bound and activated AKT by phosphorylation of the activation loop at threonine 308. 	SIGNOR-275450	0.268	
AKT1	protein	P31749	UNIPROT	XIAP	protein	P98170	UNIPROT	up-regulates quantity by stabilization	phosphorylation	Ser87	VGRHRKVsPNCRFIN	9606		BTO:0001023							14645242	t		lperfetto	Akt, including akt1 and akt2, interacts with and phosphorylates x-linked inhibitor of apoptosis protein (xiap) at residue serine-87 in vitro and in vivo. Phosphorylation of xiap by akt protects xiap from ubiquitination and degradation in response to cisplatin.	SIGNOR-119488	0.602	
AKT1	protein	P31749	UNIPROT	CDKN1C	protein	P49918	UNIPROT	down-regulates	phosphorylation	Ser282	FFAKRKRsAPEKSSG	9606	BTO:0000150								23421998	t		lperfetto	Cdk inhibitor p57 (kip2) is downregulated by akt during her2-mediated tumorigenicityakt phosphorylates p57 on ser 282 or thr310. Akt activity results in destabilization of p57 by accelerating turnover rate of p57 and enhancing p57 ubiquitination	SIGNOR-252535	0.438	
PIP3	smallmolecule	CHEBI:16618	ChEBI	AKT1	protein	P31749	UNIPROT	up-regulates activity	relocalization			9606									23119004	t		lperfetto	Binding of igf to igf-ir activates pi3k to generate pip3 which in turn recruits and activates proteins that contain a pleckstrin homology ph) domain, including akt and pdk1.	SIGNOR-252642	0.8	
AKT1	protein	P31749	UNIPROT	HK1	protein	P19367	UNIPROT	up-regulates	binding			9606									16892082	t		gcesareni	The glucose dependence of the antiapoptotic effects of growth factors and akt plus a strong correlation between akt-regulated mitochondrial hexokinase association and apoptotic susceptibility suggest a major role for hexokinases in these effects.	SIGNOR-252495	0.439	
AKT1	protein	P31749	UNIPROT	FOXO	proteinfamily	SIGNOR-PF27	SIGNOR	down-regulates	phosphorylation	Ser256	SPRRRAAsMDNNSKF	-1	BTO:0000318								10377430	t		lperfetto	Here we show that the activation of phosphatidylinositol 3 (PI3) kinase by extracellular growth factors induces phosphorylation, nuclear export, and transcriptional inactivation of FKHR1, a member of the FKHR subclass of the forkhead family of transcription factors. Protein kinase B (PKB)/Akt, a key mediator of PI3 kinase signal transduction, phosphorylated recombinant FKHR1 in vitro at threonine-24 and serine-253. Mutants FKHR1(T24A), FKHR1(S253A), and FKHR1(T24A/S253A) were resistant to both PKB/Akt-mediated phosphorylation and PI3 kinase-stimulated nuclear export.	SIGNOR-252856	0.915	
AKT1	protein	P31749	UNIPROT	FOXO6	protein	A8MYZ6	UNIPROT	down-regulates	phosphorylation			9606									21798082	t		gcesareni	Akt inactivates protein degradation by phosphorylating and thus repressing the transcription factors of the foxo family, and stimulates protein synthesis via the mammalian target of rapamycin (mtor) and glycogen synthase kinase 3b (gsk3b).	SIGNOR-175294	0.666	
AKT1	protein	P31749	UNIPROT	PLN	protein	P26678	UNIPROT	down-regulates activity	phosphorylation	Thr17	SAIRRAStIEMPQQA	10090	BTO:0003265								19696029	t			Akt interacts with and phosphorylates PLN at Thr(17), the Ca(2+)-calmodulin-dependent kinase IIdelta site, whereas silencing Akt signaling, through the knock-out of phosphatidylinositol-dependent kinase-1, resulted in reduced phosphorylation of PLN at Thr(17).	SIGNOR-252578	0.286	
PPP2CA	protein	P67775	UNIPROT	AKT1	protein	P31749	UNIPROT	down-regulates	dephosphorylation	Thr450	TAQMITItPPDQDDS	9606									11839802	t		gcesareni	Integrin alpha 2 beta 1 promotes activation of protein phosphatase 2a and dephosphorylation of akt and glycogen synthase kinase 3 beta	SIGNOR-252616	0.896	
CSNK2A1	protein	P68400	UNIPROT	AKT1	protein	P31749	UNIPROT	up-regulates	phosphorylation	Ser129	SGSPSDNsGAEEMEV	9606									15818404	t		gcesareni	Akt/pkb ser129 is phosphorylated by ck2 in vitro and in vivo;(4) such a phosphorylation of activated akt/pkb correlates with a further increase in catalytic activity.	SIGNOR-135203	0.364	
AKT1	protein	P31749	UNIPROT	FOXO3	protein	O43524	UNIPROT	down-regulates quantity by destabilization	phosphorylation	Thr32	QSRPRSCtWPLQRPE										19951971	t		lperfetto	AKT phosphorylates FOXO3a at three conserved sites (Thr32, Ser253 and Ser315), therefore creating binding sites for the 14-3-3 chaperone proteins and leading to the active export of FOXO3a to the cytoplasm where it is targeted for proteasomal degradation.	SIGNOR-249625	0.914	
AKT1	protein	P31749	UNIPROT	STK3	protein	Q13188	UNIPROT	down-regulates	phosphorylation	Thr384	GTMKRNAtSPQVQRP	9606									20086174	t		llicata	We determined that mst2 phosphorylation by akt limits mst2 activity in two ways: first, by blocking its binding to rassf1a and by promoting its association into the raf-1 inhibitory complex, and second, by preventing homodimerization of mst2, which is needed for its activation.  we identified t117 and t384 as akt phosphorylation sites in mst2.	SIGNOR-163537	0.349	
AKT1	protein	P31749	UNIPROT	GAPDH	protein	P04406	UNIPROT	down-regulates activity	phosphorylation	Thr237	GMAFRVPtANVSVVD	9606									23332158	t		miannu	GAPDH is phosphorylated by protein kinase B (AKT) on T237, which prevents GAPDH nuclear translocation and suppresses GAPDH mediated apoptosis.|GAPDH is phosphorylated by protein kinase B (AKT) on T237, which prevents GAPDH nuclear translocation and suppresses GAPDH-mediated apoptosis ( ).	SIGNOR-280174	0.57	
AKT1	protein	P31749	UNIPROT	TERT	protein	O14746	UNIPROT	up-regulates	phosphorylation	Ser227	GARRRGGsASRSLPL	9606									10224060	t		gcesareni	Akt kinase enhances human telomerase activity through phosphorylation of htert subunit as one of its substrate proteins.	SIGNOR-67313	0.745	
AKT1	protein	P31749	UNIPROT	H3-3A	protein	P84243	UNIPROT	down-regulates activity	phosphorylation	Ser11	TKQTARKsTGGKAPR	9606									12588998	t	Ser 11  phosphorylation of H3 is either activatory and inhibitory as promotes DNA condensation (activatory) and induce transcription (inhibitory).	gcesareni	Additionally, active akt1 kinase strongly phosphorylates histone h3 at serine 10 in vitro	SIGNOR-98285	0.2	
AKT1	protein	P31749	UNIPROT	FOXO	proteinfamily	SIGNOR-PF27	SIGNOR	down-regulates activity	phosphorylation	Ser262	TFRPRSSsNASSVST	10090									10217147	t			Here we show that protein kinase B phosphorylates AFX, a human orthologue of daf -16 (refs 5, 6, 9), both in vitro and in vivo.	SIGNOR-252862	0.915	
AKT1	protein	P31749	UNIPROT	FOXO	proteinfamily	SIGNOR-PF27	SIGNOR	down-regulates	phosphorylation	Ser262	TFRPRSSsNASSVST	9606									16272144	t		lperfetto	Foxo4 transcription factor, also referred to afx, contains three putative phosphorylation motif sites for protein kinase b (pkb), thr32, ser197, and ser262, and it is proposed that phosphorylated foxo4 stays in the cytosol and is imported to the nucleus through dephosphorylation to induce target gene expression	SIGNOR-252854	0.915	
AKT1	protein	P31749	UNIPROT	PDE3B	protein	Q13370	UNIPROT	up-regulates activity	phosphorylation	Ser318	CKIFRRPsLPCISRE	10090	BTO:0000011								10454575	t		gcesareni	PDE3B is a physiological substrate of Akt and that Akt-mediated phosphorylation of PDE3B on serine-273 is important for insulin-induced activation of PDE3B.	SIGNOR-252554	0.697	
AKT1	protein	P31749	UNIPROT	FOXO	proteinfamily	SIGNOR-PF27	SIGNOR	down-regulates	phosphorylation			9606									21620960	t		gcesareni	Akt phosphorylates members of the foxo factors (forkhead family of transcription factors), leading to binding of 14-3-3 proteins and cytoplasmic localisation. In particular, akt phosphorylates foxo1 on thr24, ser256 and ser319. Foxo 3alfa and foxo4 are phosphorylated on equivalent sites. In addition, phosphorylation of afx by protein kinase b inhibits its transcriptional activity.	SIGNOR-252847	0.915	
AKT1	protein	P31749	UNIPROT	POU5F1	protein	Q01860	UNIPROT	up-regulates quantity by stabilization	phosphorylation	Thr235	QARKRKRtSIENRVR	9606	BTO:0004180								23041284	t		flangone	Here we show that in ECCs, Akt phosphorylated the master pluripotency factor Oct4 at threonine 235, and that the levels of phosphorylated Oct4 in ECCs correlated with resistance to apoptosis and tumorigenic potential. Phosphorylation of Oct4 increased its stability and facilitated its nuclear localization and its interaction with Sox2, which promoted the transcription of the core stemness genes POU5F1 and NANOG.	SIGNOR-252545	0.452	
AKT1	protein	P31749	UNIPROT	ZRANB1	protein	Q9UGI0	UNIPROT	up-regulates activity	phosphorylation	Thr117	QRRTRSPtESPQSSG	9606	BTO:0000007								29748601	t		miannu	Our findings also identify an essential role for activation of Trabid by AKT-mediated phosphorylation at Ser78/Thr117 in negatively regulating Twist1 signaling, which further provides insights into the mechanisms by which Trabid regulates Twist1 ubiquitination.	SIGNOR-273484	0.2	
AKT1	protein	P31749	UNIPROT	IMPDH2	protein	P12268	UNIPROT	up-regulates activity	phosphorylation			9534	BTO:0004055								10930578	t		Federica	Further, we have demonstrated an in vivo association of IMPDH and PKB/Akt by co‐immunoprecipitation from COS cells expressing a constitutively active form of PKB/Akt. Finally, we were able to show that this constitutively active PKB/Akt could phosphorylate IMPDH in vitro. Thus, the interplay between PKB/Akt and IMPDH reported here could suggest that PKB/Akt activation leads to IMPDH type II activation which in turn prepares the cell for entry into S phase. 	SIGNOR-261262	0.378	
AKT1	protein	P31749	UNIPROT	TSC	complex	SIGNOR-C101	SIGNOR	down-regulates activity	phosphorylation			10090	BTO:0000944								12150915	t		lperfetto	We have shown thataktregulates the tsc1-tsc2 complex by directly phosphorylating tsc2. Tsc2 is inactivated by akt-dependent phosphorylation, which destabilizes tsc2 and disrupts its interaction with tsc1. Tsc2 is inactivated by akt-dependent phosphorylation, which destabilizes tsc2 and disrupts its interaction with tsc1akt has been shown to directly phosphorylate two sites on tsc2 (s939 and t1462 on the full-length human protein), which are conserved and phosphorylated in drosophila tsc2, and is likely to phosphorylate two or three additional sites (s981 and s1130/s1132).	SIGNOR-235628	0.796	
AKT1	protein	P31749	UNIPROT	CELF1	protein	Q92879	UNIPROT	up-regulates activity	phosphorylation	Ser28	GQVPRTWsEKDLREL	9606									18570922	t		miannu	In normal myoblasts, Akt kinase phosphorylates CUGBP1 at Ser28 and increases interactions of CUGBP1 with cyclin D1 mRNA.	SIGNOR-280173	0.405	
AKT1	protein	P31749	UNIPROT	UPF1	protein	Q92900	UNIPROT	up-regulates activity	phosphorylation	Thr151	FCNGRGNtSGSHIVN	9606	BTO:0002181								35675814	t		miannu	AKT-Mediated UPF1 Phosphorylation at T151 Promotes UPF1 Helicase Activity	SIGNOR-277597	0.256	
AKT1	protein	P31749	UNIPROT	FOXO	proteinfamily	SIGNOR-PF27	SIGNOR	down-regulates activity	phosphorylation	Ser315	DFRSRTNsNASTVSG	9606	BTO:0000150;BTO:0001130;BTO:0001271;BTO:0000527								19188143	t		lperfetto	Akt-dependent phosphorylation of foxo3a (thr32, ser253, and ser315 for human foxo3) enhances foxo3a/14?3?3 Interaction and promotes foxo3a nuclear export to the cytoplasm, resulting in the repression of foxo3a transcriptional function	SIGNOR-252850	0.915	
AKT1	protein	P31749	UNIPROT	TERT	protein	O14746	UNIPROT	up-regulates	phosphorylation	Ser824	AVRIRGKsYVQCQGI	9606									10224060	t		gcesareni	Akt kinase enhances human telomerase activity through phosphorylation of htert subunit as one of its substrate proteins.	SIGNOR-67317	0.745	
BRCA1	protein	P38398	UNIPROT	AKT1	protein	P31749	UNIPROT	down-regulates quantity by destabilization	ubiquitination			10090	BTO:0002572								19074868	t		gcesareni	The BRCA1-BRCT domains bind to phosphorylated AKT (pAKT) and lead to its ubiquitination toward protein degradation	SIGNOR-252435	0.496	
AKT1	protein	P31749	UNIPROT	SYTL1	protein	Q8IYJ3	UNIPROT	down-regulates quantity	phosphorylation	Ser241	RMLSSSSsVSSLNSS	9606	BTO:0001321								15998322	t		miannu	By mutagenesis analysis and subsequent immunoprecipitation (IP), we established that Akt phosphorylates JFC1 at serine 241. Phosphorylation did not alter the ability of JFC1 to bind to Rab27a. Instead, phosphorylation by Akt dramatically decreased when JFC1 was bound to Rab27a. Finally, we show that as a consequence of in vivo phosphorylation, JFC1 dissociates from the membrane, promoting JFC1 redistribution to the cytosol. 	SIGNOR-273540	0.352	
PTPN2	protein	P17706	UNIPROT	AKT1	protein	P31749	UNIPROT	down-regulates				9606									12612081	f		acerquone	We found that insulin-induced ir tyrosine phosphorylation and pkb/akt sig- naling were enhanced in tcptp- cells and suppressed upon tcptp reconstitution, providing persuasive evidence that tcptp can regulate ir activation and signaling.	SIGNOR-252640	0.352	
AKT1	protein	P31749	UNIPROT	TARBP2	protein	Q15633	UNIPROT	up-regulates activity	phosphorylation	Ser286	LRSCSLGsLGALGPA	-1									27407113	t		miannu	We demonstrate that S6 kinases can phosphorylate the extended C-terminal domain of TRBP and interact with TRBP in situ in primary cells. TRBP serines 283/286 are essential for S6K-mediated TRBP phosphorylation, optimal expression of TRBP, and the S6K-TRBP interaction in human primary cells. 	SIGNOR-274067	0.2	
AKT1	protein	P31749	UNIPROT	FOXO	proteinfamily	SIGNOR-PF27	SIGNOR	down-regulates	phosphorylation	Thr24	LPRPRSCtWPLPRPE	-1	BTO:0000318								10377430	t		lperfetto	Here we show that the activation of phosphatidylinositol 3 (PI3) kinase by extracellular growth factors induces phosphorylation, nuclear export, and transcriptional inactivation of FKHR1, a member of the FKHR subclass of the forkhead family of transcription factors. Protein kinase B (PKB)/Akt, a key mediator of PI3 kinase signal transduction, phosphorylated recombinant FKHR1 in vitro at threonine-24 and serine-253. Mutants FKHR1(T24A), FKHR1(S253A), and FKHR1(T24A/S253A) were resistant to both PKB/Akt-mediated phosphorylation and PI3 kinase-stimulated nuclear export.	SIGNOR-252857	0.915	
AKT1	protein	P31749	UNIPROT	BCL2L11	protein	O43521	UNIPROT	down-regulates activity	phosphorylation	Ser87	FIFMRRSsLLSRSSS	9606									16282323	t		lperfetto	Recombinant Akt could directly phosphorylate a GST-Bim(EL) fusion protein and identified the Akt phosphorylation site in the Bim(EL) domain as Ser(87). Further, we demonstrated that cytokine stimulation promotes Bim(EL) binding to 14-3-3 proteins. Finally, we show that mutation of Ser(87) dramatically increases the apoptotic potency of Bim(EL).	SIGNOR-252487	0.556	
AKT1	protein	P31749	UNIPROT	mTORC1	complex	SIGNOR-C3	SIGNOR	up-regulates activity	phosphorylation			9606									17130464	t	Translocation from Cytoplasm to Nucleus	lperfetto	Phosphorylation of pras40-thr246 by pkb/akt, and pras40-ser183 and pras40-ser221 by mtorc1 results in dissociation from mtorc1, and its binding to 14-3-3 proteins.	SIGNOR-252540	0.743	
PDPK1	protein	O15530	UNIPROT	AKT1	protein	P31749	UNIPROT	up-regulates	phosphorylation	Thr308	KDGATMKtFCGTPEY	9606									12808134	t		lperfetto	Akt1 and akt2 are phosphorylated and activated by the protein kinase pdk1 at thr-308 or thr-309, respectively, in the activation t-loop, and further activation occurs through phosphorylation at ser-473 or ser-474, respectively. In this paper, we demonstrate that this is indeed the case, and report the purification and initial characterization of a 3 phosphoinositide-dependent protein kinase, pdk1, which activates pkb by phosphorylating it at thr308. Akt is directly phosphorylated and activated by pdk1. Akt/pkb activation requires the phosphorylation of thr308 in the activation loop by the phosphoinositide-dependent kinase 1 (pdk1).	SIGNOR-252611	0.753	
AKT1	protein	P31749	UNIPROT	CHEK1	protein	O14757	UNIPROT	down-regulates	phosphorylation	Ser280	AKRPRVTsGGVSESP	9606									15107605	t		gcesareni	The chk1 protein phosphorylated by pkb on serine 280 does not enter into protein complexes after replication arrest. Moreover, chk1 phosphorylated by pkb fails to undergo activating phosphorylation on serine 345 by atm/atr. Phosphorylation by atm/atr and association with other checkpoint proteins are essential steps in activation of chk1.	SIGNOR-124365	0.421	
AKT1	protein	P31749	UNIPROT	FOXO	proteinfamily	SIGNOR-PF27	SIGNOR	down-regulates quantity by destabilization	phosphorylation	Ser253	APRRRAVsMDNSNKY										19951971	t		lperfetto	AKT phosphorylates FOXO3a at three conserved sites (Thr32, Ser253 and Ser315), therefore creating binding sites for the 14-3-3 chaperone proteins and leading to the active export of FOXO3a to the cytoplasm where it is targeted for proteasomal degradation.	SIGNOR-252844	0.915	
AKT1	protein	P31749	UNIPROT	EP300	protein	Q09472	UNIPROT	up-regulates	phosphorylation	Ser1834	MLRRRMAsMQRTGVV	9606									16926151	t		lperfetto	We find that suberoylanilide hydroxamic acid stimulates akt activity, which is required to phosphorylate p300 at ser(1834). Akt-mediated phosphorylation of p300 dramatically increases its acetyltransferase activity	SIGNOR-148983	0.71	
AKT1	protein	P31749	UNIPROT	DNMT1	protein	P26358	UNIPROT	up-regulates	phosphorylation	Ser143	RTPRRSKsDGEAKPE	9606									21151116	t		gcesareni	Akt1 kinase colocalizes and directly interacts with dnmt1 and phosphorylates ser143. Phosphorylated dnmt1 peaks during dna synthesis, before dnmt1 methylation. Depletion of akt1 or overexpression of dominant-negative akt1 increases methylated dnmt1, resulting in a decrease in dnmt1 abundance. In mammalian cells, phosphorylated dnmt1 is more stable than methylated dnmt1.	SIGNOR-170530	0.517	
FHIT	protein	P49789	UNIPROT	AKT1	protein	P31749	UNIPROT	down-regulates				9606	BTO:0000551								16407838	f		miannu	Fhit inhibited activity of akt, a key effector in the phosphatidylinositol 3-oh kinase (pi3k) pathway;loss of endogenous fhit expression caused increased akt activity in vitro and in vivo, and overexpression of constitutively active akt inhibited fhit-induced apoptosis	SIGNOR-252625	0.369	
AKT1	protein	P31749	UNIPROT	FOXO3	protein	O43524	UNIPROT	down-regulates activity	phosphorylation			9606									21798082	t		lperfetto	Akt inactivates protein degradation by phosphorylating and thus repressing the transcription factors of the foxo family, and stimulates protein synthesis via the mammalian target of rapamycin (mtor) and glycogen synthase kinase 3b (gsk3b).	SIGNOR-175288	0.914	
LRRK2	protein	Q5S007	UNIPROT	AKT1	protein	P31749	UNIPROT	up-regulates	phosphorylation	Ser473	RPHFPQFsYSASGTA	9606	BTO:0000938								21658387	t		lperfetto	A knockdown experiment using intact cells also demonstrated LRRK2-mediated phosphorylation of Akt1 (Ser473), suggesting that Akt1 is a convincing candidate for the physiological substrate of LRRK2.	SIGNOR-174044	0.371	
AKT1	protein	P31749	UNIPROT	NCF1	protein	P14598	UNIPROT	up-regulates	phosphorylation	Ser328	QDAYRRNsVRFLQQR	9606	BTO:0000130								10559253	t		esanto	Akt phosphorylates p47phox and mediates respiratory burst activity in human neutrophils. A direct interaction between p47(phox) and akt was shown. Active recombinant akt phosphorylated recombinant p47(phox) in vitro. Mutation analysis indicated that 2 aa residues, ser(304) and ser(328), were phosphorylated by akt. Inhibition of akt activity also inhibited fmlp-stimulated neutrophil chemotaxis.	SIGNOR-252587	0.547	
AKT1	protein	P31749	UNIPROT	PFKFB2	protein	O60825	UNIPROT	up-regulates activity	phosphorylation	Ser483	IRRPRNYsVGSRPLK	9606		BTO:0000562							23457334	t		lperfetto	Akt-dependent activation of the heart 6-phosphofructo-2-kinase/fructose-2,6-bisphosphatase (pfkfb2) isoenzyme by amino acids.	SIGNOR-252528	0.664	
AKT1	protein	P31749	UNIPROT	HTRA2	protein	O43464	UNIPROT	down-regulates	phosphorylation	Ser212	RVRVRLLsGDTYEAV	9606									17311912	t		lperfetto	Akt attenuation of the serine protease activity of htra2/omi through phosphorylation of serine 212	SIGNOR-252500	0.32	
AKT1	protein	P31749	UNIPROT	CFLAR	protein	O15519	UNIPROT	down-regulates quantity	phosphorylation	Ser273	LLRDTFTsLGYEVQK	9606									19339247	t		gcesareni	TNFalpha enhanced FLIP(L) serine phosphorylation, which was increased by activated Akt-1. Serine 273, a putative Akt-1 phosphorylation site in FLIP(L), was critical for the activation-induced reduction of FLIP(L). Thus, these observations document a novel mechanism where by TNFalpha facilitates the reduction of FLIP(L) protein, which is dependent on the phosphatidylinositol 3-kinase/Akt signaling.	SIGNOR-252548	0.461	
AKT1	protein	P31749	UNIPROT	ADARB1	protein	P78563	UNIPROT	down-regulates activity	phosphorylation	Thr553	LQGERLLtMSCSDKI	-1									31095429	t		miannu	AKT-dependent phosphorylation of the adenosine deaminases ADAR-1 and -2 inhibits deaminase activity. Coimmunoprecipitation studies and in vitro kinase assays revealed that AKT-1, -2, and -3 interact with both ADAR1p110 and ADAR2 and phosphorylate these RNA editases. Using site-directed mutagenesis of suspected AKT phosphorylation sites, AKT was found to primarily phosphorylate ADAR1p110 and ADAR2 on T738 and T553, respectively	SIGNOR-276194	0.2	
phosphatidylinositol bisphosphate	smallmolecule	CHEBI:37328	ChEBI	AKT1	protein	P31749	UNIPROT	up-regulates activity	chemical activation			9606									18249092	t		gcesareni	Furthermore, overall PKB activity, primarily consisting of cytosolic enzyme, was dependent upon levels of PI(3,4)P2, while only membrane-associated PKB activity was dependent upon PI(3,4,5)P3 levels. We conclude that PI(3,4,5)P3 and PI(3,4)P2 have distinct roles in determining PKB phosphorylation and activity. Thus, when investigating PI3K-PKB pathways, the importance of both lipids must be considered	SIGNOR-252432	0.8	
AKT1	protein	P31749	UNIPROT	LARP1	protein	Q6PKG0	UNIPROT	down-regulates activity	phosphorylation	Ser847	EHRPRTAsISSSPSE	9606	BTO:0002181								28650797	t		SARA	LARP1 is a direct substrate of Akt/S6K1 and mTORC1. Akt is a physiologically relevant primary kinase for S770/S979 phosphorylation of LARP1|Importantly, phosphorylation of LARP1 by mTORC1 and Akt/S6K1 dissociates it from 5’UTRs and relieves its inhibitory activity on RP mRNA translation.	SIGNOR-260991	0.285	
PF-04691502	chemical	CID:25033539	PUBCHEM	AKT1	protein	P31749	UNIPROT	down-regulates	chemical inhibition			9606									Other	t	Selleck;inhibitor of phosphorylation of AktT308 and AktS473	gcesareni		SIGNOR-252631	0.8	
AKT1	protein	P31749	UNIPROT	USP14	protein	P54578	UNIPROT	up-regulates activity	phosphorylation	Ser432	THQGRSSsSGHYVSW	9606									26523394	t		lperfetto	Phosphorylation and activation of ubiquitin-specific protease-14 by Akt regulates the ubiquitin-proteasome system|These results suggested S432 as a major and S143 as a minor phosphorylation site of Akt.	SIGNOR-265056	0.419	
AKT1	protein	P31749	UNIPROT	AKT1	protein	P31749	UNIPROT	up-regulates activity	phosphorylation	Ser246	LSRERVFsEDRARFY	-1									16549426	t		miannu	Autophosphorylation of Akt on Thr-72 and Ser-246 appeared to require prior phosphorylation of Akt on Thr-308 and Ser-473. Compared with wild-type Akt, Akt/T72A/S246A mutant exhibited markedly reduced basal Akt kinase activity and response to cellular stimulation by insulin-like growth factor-1, and also conferred less cellular resistance to doxorubicin-induced apoptosis.	SIGNOR-276055	0.2	
PDK2	protein	Q15119	UNIPROT	AKT1	protein	P31749	UNIPROT	up-regulates activity	phosphorylation	Ser473	RPHFPQFsYSASGTA										19951971	t		lperfetto	PIP3 recruits PDK1 and AKT to the plasma membrane, where PDK1 phosphorylates AKT on Thr308 in the activation loop of the kinase domain. The phosphorylation of AKT on Ser473 by PDK2 acts as a gain control for AKT and regulates its degree of activation. The sirolimus-insensitive mTORC2 complex exhibits PDK2 activity	SIGNOR-249630	0.761	
PDPK1	protein	O15530	UNIPROT	AKT1	protein	P31749	UNIPROT	up-regulates	phosphorylation	Ser473	RPHFPQFsYSASGTA	9606		BTO:0000142							10226025	t		acerquone	We have partially purified a kinase from brain extract that phosphorylates Ser473 of PKBalpha in a PtdIns(3,4,5)P3-dependent manner and that is immunoprecipitated with PDK1 antibodies.	SIGNOR-67367	0.753	
sirolimus	chemical	CHEBI:9168	ChEBI	AKT1	protein	P31749	UNIPROT	up-regulates				9606									16452206	f		gcesareni	We now show that mtor inhibition induces insulin receptor substrate-1 expression and abrogates feedback the pathway, resulting in akt activation both in cancer cell lines and in patient tumors treated with the rapamycin derivative, rad001.	SIGNOR-252643	0.8	
AKT1	protein	P31749	UNIPROT	AR	protein	P10275	UNIPROT	down-regulates activity	phosphorylation	Ser215	SGRAREAsGAPTSSK	9534	BTO:0001538								11404460	t		lperfetto	Akt suppresses androgen-induced apoptosis by phosphorylating and inhibiting androgen receptor. Here, we demonstrate that akt phosphorylates the androgen receptor (ar) at ser-210 and ser-790	SIGNOR-108504	0.574	
AKT1	protein	P31749	UNIPROT	RPS6KA3	protein	P51812	UNIPROT	down-regulates activity	phosphorylation	Ser19	KMAVESPsDSAENGQ	9606	BTO:0000815								33574926	t		miannu	Akt interacts with and phosphorylates RSK2 at S19. 	SIGNOR-277548	0.263	
MUL1	protein	Q969V5	UNIPROT	AKT1	protein	P31749	UNIPROT	down-regulates quantity by destabilization	ubiquitination	Lys284	LENLMLDkDGHIKIT	9606	BTO:0000007								22410793	t		gcesareni	The results of the functional studies suggest that the degradation of Akt by MULAN suppresses cell proliferation and viability.	SIGNOR-252437	0.465	
PDPK1	protein	O15530	UNIPROT	AKT1	protein	P31749	UNIPROT	up-regulates activity	phosphorylation	Thr308	KDGATMKtFCGTPEY										19951971	t		lperfetto	PIP3 recruits PDK1 and AKT to the plasma membrane, where PDK1 phosphorylates AKT on Thr308 in the activation loop of the kinase domain.	SIGNOR-249629	0.753	
AKT1	protein	P31749	UNIPROT	PTK2	protein	Q05397	UNIPROT	up-regulates activity	phosphorylation	Thr700	MESRRQAtVSWDSGG	-1									23264741	t		miannu	 Here we show that soluble growth factors enhance integrin signaling through Akt phosphorylation of FAK at Ser695 and Thr700. 	SIGNOR-276436	0.421	
AKT1	protein	P31749	UNIPROT	NIBAN1	protein	Q9BZQ8	UNIPROT	unknown	phosphorylation	Ser602	ASPARRAsAILPGVL	9606									22510990	t		llicata	We demonstrate here that ultraviolet irradiation induces phosphorylation of niban at s602 by akt, which increases the association of niban with nucleophosmin and disassociation of nucleophosmin from the mdm2 complex.	SIGNOR-252530	0.2	
AKT1	protein	P31749	UNIPROT	PIK3R6	protein	Q5UE93	UNIPROT	up-regulates activity	phosphorylation	Thr607	SHRPREVtVSLRATG										25753393	t		lperfetto	P84 forms a negative regulatory complex with p110gamma to control PI3Kgamma signalling during cell migration|However, phosphorylation at this site was confirmed using an in vitro kinase assay in which Akt kinase was shown to readily phosphorylate Thr607 using a p84 peptide (Figure 1e), where Thr607 in conjunction with surrounding residues forms an Akt kinase consensus sequence|In contrast, although p84-T607A exhibited basal p110γ dimerisation, this interaction could not be further induced with stimulation	SIGNOR-275722	0.472	
PIP3	smallmolecule	CHEBI:16618	ChEBI	AKT1	protein	P31749	UNIPROT	up-regulates activity	relocalization			9606									21798082	t		lperfetto	Pip3 acts in turn as a docking site for two kinases, phosphoinositidedependent kinase 1 pdk1) and akt, and the subsequent phosphorylation of akt at serine 308 by pdk1, leading to akt activation.	SIGNOR-236349	0.8	
AKT1	protein	P31749	UNIPROT	MASTL	protein	Q96GX5	UNIPROT	up-regulates activity	phosphorylation	Thr299	QSRKRLAtSSASSQS	9606	BTO:0002181								32123010	t		miannu	Here, we report that AKT phosphorylates MASTL at residue T299, which plays a critical role in its activation.	SIGNOR-277515	0.2	
TTC3	protein	P53804	UNIPROT	AKT1	protein	P31749	UNIPROT	down-regulates quantity by destabilization	ubiquitination			10090	BTO:0000944								20059950	t		gcesareni	TTC3 is an Akt-specific E3 ligase that binds to phosphorylated Akt and facilitates its ubiquitination and degradation within the nucleus	SIGNOR-252436	0.387	
AKT1	protein	P31749	UNIPROT	HSF1	protein	Q00613	UNIPROT	up-regulates activity	phosphorylation	Ser230	PKYSRQFsLEHVHGS	9606									35080342	t		miannu	AKT1 and AKT2 phosphorylate HSF1 at S326 but only AKT1 activates HSF1.|Mass spectrometry showed that AKT1 also phosphorylated HSF1 at T142, S230 and T527 in addition to S326, whereas the other kinases did not.	SIGNOR-278373	0.4	
AKT1	protein	P31749	UNIPROT	FOXO	proteinfamily	SIGNOR-PF27	SIGNOR	down-regulates activity	phosphorylation			10090	BTO:0002572								18423396	t		lperfetto	Akt1/PKBalpha was found to be the major regulator of phosphorylation and nuclear export ofFoxO1, whose presence in the nucleus strongly attenuates adipocyte differentiation.	SIGNOR-252851	0.915	
AKT1	protein	P31749	UNIPROT	MAP3K11	protein	Q16584	UNIPROT	down-regulates	phosphorylation	Ser674	PGRERGEsPTTPPTP	9606	BTO:0000938								12458207	t		lperfetto	Negative regulation of mixed lineage kinase 3 by protein kinase b/akt leads to cell survivalthe expression of activated akt1 inhibits mlk3-mediated cell death in a manner dependent on serine 674 phosphorylation.	SIGNOR-252592	0.392	
PPP2CB	protein	P62714	UNIPROT	AKT1	protein	P31749	UNIPROT	down-regulates	dephosphorylation			9606									8650155	t		gcesareni	These results confirm that the activity changes observed are achieved by a reversible phosphorylation mechanism, and also argue that pp2a may negatively regulate rac-pk activity in vivo. Dephosphorylation of the activated rac-pk in itro by pp2ac resulted in an 87% reduction of kinase activity	SIGNOR-252636	0.528	
AKT1	protein	P31749	UNIPROT	FOXO4	protein	P98177	UNIPROT	down-regulates	phosphorylation	Ser262	TFRPRSSsNASSVST	9606									16272144	t		lperfetto	Foxo4 transcription factor, also referred to afx, contains three putative phosphorylation motif sites for protein kinase b (pkb), thr32, ser197, and ser262, and it is proposed that phosphorylated foxo4 stays in the cytosol and is imported to the nucleus through dephosphorylation to induce target gene expression	SIGNOR-252485	0.775	
AKT1	protein	P31749	UNIPROT	AKT1	protein	P31749	UNIPROT	up-regulates activity	phosphorylation	Thr72	TERPRPNtFIIRCLQ	-1									16549426	t		miannu	Autophosphorylation of Akt on Thr-72 and Ser-246 appeared to require prior phosphorylation of Akt on Thr-308 and Ser-473. Compared with wild-type Akt, Akt/T72A/S246A mutant exhibited markedly reduced basal Akt kinase activity and response to cellular stimulation by insulin-like growth factor-1, and also conferred less cellular resistance to doxorubicin-induced apoptosis.	SIGNOR-276054	0.2	
AKT1	protein	P31749	UNIPROT	CCDC88A	protein	Q3V6T2	UNIPROT	unknown	phosphorylation	Ser1417	INRERQKsLTLTPTR	9606									16139227	t		llicata	Akt phosphorylates serine at position 1416 in girdin, and phosphorylated girdin accumulates at the leading edge of migrating cells.	SIGNOR-252482	0.582	
AKT1	protein	P31749	UNIPROT	MDM2	protein	Q00987	UNIPROT	up-regulates quantity by stabilization	phosphorylation	Ser166	SSRRRAIsETEENSD	9606									15169778	t		gcesareni	Stabilization of mdm2 via decreased ubiquitination is mediated by protein kinase b/akt-dependent phosphorylation.	SIGNOR-124949	0.818	
CAMKK1	protein	Q8N5S9	UNIPROT	AKT1	protein	P31749	UNIPROT	up-regulates activity	phosphorylation	Thr308	KDGATMKtFCGTPEY										10833263	t		llicata	Protein kinase B (PKB) was recently reported to be activated on the phosphorylation of Thr(308) by Ca(2+)/calmodulin-dependent protein kinase kinase alpha (CaM-kinase kinase alpha), suggesting that PKB was regulated through not only the phosphoinositide 3-kinase pathway but also the Ca(2+)/calmodulin protein kinase pathway.	SIGNOR-252609	0.371	
AKT1	protein	P31749	UNIPROT	LTB4R2	protein	Q9NPC1	UNIPROT	unknown	phosphorylation	Thr324	GGRSREGtMELRTTP	9606									22044535	t		llicata	Blt2 phosphorylation at thr355 by akt is necessary for blt2-mediated chemotaxis.	SIGNOR-252516	0.374	
PPP1CA	protein	P62136	UNIPROT	AKT1	protein	P31749	UNIPROT	down-regulates	dephosphorylation	Thr450	TAQMITItPPDQDDS	9606									20186153	t		gcesareni	Several stps have been reported to negatively regulate akt pathway. It has been shown that pp1 dephosphorylates akt and regulates cell survival.	SIGNOR-163961	0.416	
AKT1	protein	P31749	UNIPROT	CDKN1A	protein	P38936	UNIPROT	up-regulates quantity by stabilization	phosphorylation	Thr145	QGRKRRQtSMTDFYH	9606									16982699	t		gcesareni	Whereas akt1 phosphorylates p21, inducing its release from cdk2 and cytoplasmic localization as previously described for akt, akt2 binds p21 in the region spanning the t145 site of p21, thus competing with phosphorylation by akt1 and inducing its accumulation in the nucleus. These distinct roles of akt/pkb isoforms in modulating proliferation and p21 have important implications for the development of drugs aimed at inhibiting cancer cell proliferation.[...] We next investigated if phosphorylation of p21-t145 interfered with akt2 binding. As shown in fig. ?Fig.8e8e (right lane), phosphorylation of p21 on t145 effectively prevented akt2 interaction.	SIGNOR-149698	0.847	
AKT1	protein	P31749	UNIPROT	PDCD4	protein	Q53EL6	UNIPROT	down-regulates	phosphorylation	Ser67	KRRLRKNsSRDSGRG	9606									17053147	t		gcesareni	Both akt and p70(s6k) phosphorylate pdcd4, allowing for binding of the e3-ubiquitin ligase beta-trcp and consequently ubiquitylation.	SIGNOR-252496	0.43	
AKT1	protein	P31749	UNIPROT	ZFP36L1	protein	Q07352	UNIPROT	down-regulates	phosphorylation	Ser92	RFRDRSFsEGGERLL	9606									15538381	t		llicata	Here we report that protein kinase b (pkb/akt) stabilizes are transcripts by phosphorylating brf1 at serine 92 (s92). Recombinant brf1 promoted in vitro decay of are-containing mrna (are-mrna), yet phosphorylation by pkb impaired this activity.	SIGNOR-130376	0.671	
AKT1	protein	P31749	UNIPROT	FOXO6	protein	A8MYZ6	UNIPROT	down-regulates	phosphorylation			9606									18394876	t		lperfetto	The phosphorylation of the two remaining akt-dependent sites inhibits foxo6 transcriptional activity	SIGNOR-252582	0.666	
PIK3CA	protein	P42336	UNIPROT	AKT1	protein	P31749	UNIPROT	up-regulates activity				9606	BTO:0000938								9346240	f		lperfetto	Growth factors can promote cell survival by activating the phosphatidylinositide-3'-OH kinase and its downstream target, the serine-threonine kinase Akt	SIGNOR-236428	0.827	
AKT1	protein	P31749	UNIPROT	KDM5A	protein	P29375	UNIPROT	up-regulates activity	phosphorylation	Ser287	RQRKGTLsVNFVDLY	-1									27292631	t		miannu	We immunoprecipitated ectopically expressed wild-type KDM5A or KDM5Amut5A and performed an in vitro kinase assay using recombinant AKT1 in the presence or absence of AKT inhibition.Wild-type KDM5A is phosphorylated by AKT1 and this modification is sensitive to AKT inhibition, whereas KDM5Amut5A is not phosphorylated in the presence of AKT1 (Figure 3C).These results suggest that AKT-mediated KDM5A phosphorylation enhances KDM5A promoter recruitment.	SIGNOR-274062	0.3	
AKT1	protein	P31749	UNIPROT	ADAR	protein	P55265	UNIPROT	down-regulates activity	phosphorylation	Thr1033	RLGERLRtMSCSDKI	-1									31095429	t		miannu	AKT-dependent phosphorylation of the adenosine deaminases ADAR-1 and -2 inhibits deaminase activity. Coimmunoprecipitation studies and in vitro kinase assays revealed that AKT-1, -2, and -3 interact with both ADAR1p110 and ADAR2 and phosphorylate these RNA editases. Using site-directed mutagenesis of suspected AKT phosphorylation sites, AKT was found to primarily phosphorylate ADAR1p110 and ADAR2 on T738 and T553, respectively	SIGNOR-276193	0.28	
AKT1	protein	P31749	UNIPROT	PTK2	protein	Q05397	UNIPROT	up-regulates activity	phosphorylation	Ser695	EERMRMEsRRQATVS	-1									23264741	t		miannu	 Here we show that soluble growth factors enhance integrin signaling through Akt phosphorylation of FAK at Ser695 and Thr700. 	SIGNOR-276437	0.421	
AKT1	protein	P31749	UNIPROT	CARD11	protein	Q9BXL7	UNIPROT	up-regulates activity	phosphorylation	Ser652	LERPFRPsVTSVGHV	-1									24548923	t		miannu	Here we show that Akt-mediated NF-κB activation is mediated at least in part through direct phosphorylation of the adaptor protein Carma1, which we previously demonstrated could interact with Akt in a TCR ligation-dependent manner. The putative Akt phosphorylation sites in Carma1 are distinct from known PKC consensus sites. Mutation of S551, S637 and S645 in Carma1 to non-phosphorylatable residues decreased phosphorylation of GST-Carma1-linker construct by Akt in vitro. 	SIGNOR-276256	0.511	
AKT1	protein	P31749	UNIPROT	FOXO	proteinfamily	SIGNOR-PF27	SIGNOR	down-regulates quantity by destabilization	phosphorylation	Thr32	QSRPRSCtWPLQRPE										19951971	t		lperfetto	AKT phosphorylates FOXO3a at three conserved sites (Thr32, Ser253 and Ser315), therefore creating binding sites for the 14-3-3 chaperone proteins and leading to the active export of FOXO3a to the cytoplasm where it is targeted for proteasomal degradation.	SIGNOR-252846	0.915	
IGF1R	protein	P08069	UNIPROT	AKT1	protein	P31749	UNIPROT	up-regulates activity				10090									11715022	f		lperfetto	We show that IGF-1 unexpectedly acts via Akt to antagonize calcineurin signalling during myotube hypertrophy.	SIGNOR-235373	0.383	
AKT1	protein	P31749	UNIPROT	FOXO3	protein	O43524	UNIPROT	down-regulates quantity by destabilization	phosphorylation	Ser253	APRRRAVsMDNSNKY										19951971	t		lperfetto	AKT phosphorylates FOXO3a at three conserved sites (Thr32, Ser253 and Ser315), therefore creating binding sites for the 14-3-3 chaperone proteins and leading to the active export of FOXO3a to the cytoplasm where it is targeted for proteasomal degradation.	SIGNOR-249626	0.914	
AKT1	protein	P31749	UNIPROT	CLK2	protein	P49760	UNIPROT	up-regulates	phosphorylation	Thr127	RRRRRSRtFSRSSSQ	9606	BTO:0000567								20682768	t		lperfetto	Akt directly binds to and phosphorylates clk2 on serine 34 and threonine 127, in vitro and in vivo.Our results suggest that akt activation controls cell survival to ionizing radiation by phosphorylating clk2, revealing an important regulatory mechanism required for promoting cell surviva	SIGNOR-167340	0.381	
AKT1	protein	P31749	UNIPROT	BCL3	protein	P20749	UNIPROT	up-regulates quantity by stabilization	phosphorylation	Ser41	KRPLRAPsPEPAAPR	-1									28689659	t		miannu	Here we show that Akt, Erk2, and IKK1/2 phosphorylate Bcl3. Phosphorylation of Ser33 by Akt induces switching of K48 ubiquitination to K63 ubiquitination and thus promotes nuclear localization and stabilization of Bcl3. Phosphorylation by Erk2 and IKK1/2 of Ser114 and Ser446 converts Bcl3 into a transcriptional coregulator by facilitating its recruitment to DNA. 	SIGNOR-277358	0.484	
AKT1	protein	P31749	UNIPROT	BRCA1	protein	P38398	UNIPROT	up-regulates	phosphorylation	Thr509	LKRKRRPtSGLHPED	9606	BTO:0000150								17428466	t		lperfetto	Phosphatidylinositol 3-kinase/akt signaling enhances nuclear localization and transcriptional activity of brca1. mutation of threonine 509 in brca1, the site of akt phosphorylation, to an alanine, attenuates the ability of heregulin to induce brca1 nuclear accumulation	SIGNOR-154312	0.496	
AKT1	protein	P31749	UNIPROT	LARP1	protein	Q6PKG0	UNIPROT	down-regulates activity	phosphorylation	Ser1056	EGRKRCPsQSSSRPA	9606	BTO:0002181								28650797	t		SARA	LARP1 is a direct substrate of Akt/S6K1 and mTORC1. Akt is a physiologically relevant primary kinase for S770/S979 phosphorylation of LARP1|Importantly, phosphorylation of LARP1 by mTORC1 and Akt/S6K1 dissociates it from 5’UTRs and relieves its inhibitory activity on RP mRNA translation.	SIGNOR-260992	0.285	
GFs	stimulus	SIGNOR-ST12	SIGNOR	AKT1	protein	P31749	UNIPROT	up-regulates activity				9606									23300340	f		lperfetto	Akt normally resides in the cytosol under serum-starved conditions, but translocates to the plasma membrane where it is subsequently phosphorylated and activated in response to growth factor treatment. Phosphorylation of Akt at Thr308 by phosphoinositide-dependent kinase-1 (PDK1) and at Ser473 by mammalian target of rapamycin (mTOR) complex 2 (mTORC2) is required for full Akt activation	SIGNOR-245402	0.7	
PHLPP1	protein	O60346	UNIPROT	AKT1	protein	P31749	UNIPROT	down-regulates activity	dephosphorylation	Ser473	RPHFPQFsYSASGTA	9606	BTO:0001544								19261608	t			The Abl kinase inhibitors and depletion of Bcr-Abl induced the expression of PHLPP1 and PHLPP2, which dephosphorylated Ser-473 on Akt1, -2, and -3, resulting in inhibited proliferation of CML cells.|Thus, Bcr-Abl represses the expression of PHLPP1 and PHLPP2 and continuously activates Akt1, -2, and -3 via phosphorylation on Ser-473, resulting in the proliferation of CML cells.	SIGNOR-248327	0.772	
PDPK1	protein	O15530	UNIPROT	AKT1	protein	P31749	UNIPROT	up-regulates	phosphorylation	Thr308	KDGATMKtFCGTPEY	9606									21798082	t		gcesareni	Pip3 acts in turn as a docking site for two kinases, phosphoinositidedependent kinase 1 (pdk1) and akt, and the subsequent phosphorylation of akt at serine 308 by pdk1, leading to akt activation.	SIGNOR-175675	0.753	
AKT1	protein	P31749	UNIPROT	HMOX1	protein	P09601	UNIPROT	unknown	phosphorylation	Ser188	LYRSRMNsLEMTPAV	9606	BTO:0000007								15581622	t		llicata	We have identified a putative consensus sequence for phosphorylation by akt/pkb of ho-1 at ser188.  although the changes in activity are small, this study provides the first evidence for a role of the survival kinase akt in the regulation of ho-1.	SIGNOR-252506	0.548	
PIK3CA	protein	P42336	UNIPROT	AKT1	protein	P31749	UNIPROT	up-regulates activity				9606		BTO:0000150							12167717	f		lperfetto	PKB induction requires phosphorylation of two critical residues, threonine 308 in the activation loop and serine 473 near the carboxyl terminus. Membrane localization of PKB was found to be a primary determinant of serine 473 phosphorylation. PI3K activity was equally important for promoting phosphorylation of serine 473,	SIGNOR-236353	0.827	
AKT1	protein	P31749	UNIPROT	BAX	protein	Q07812	UNIPROT	down-regulates activity	phosphorylation	Ser184	VAGVLTAsLTIWKKM	9606	BTO:0003473								14766748	t		lperfetto	Phosphorylation of Bax Ser184 by Akt regulates its activity and apoptosis in neutrophilsWe suggest that Bax is regulated by phosphorylation of Ser(184) in an Akt-dependent manner and that phosphorylation inhibits Bax effects on the mitochondria by maintaining the protein in the cytoplasm, heterodimerized with antiapoptotic Bcl-2 family members	SIGNOR-252538	0.476	
AKT1	protein	P31749	UNIPROT	PAWR	protein	Q96IZ0	UNIPROT	down-regulates activity	phosphorylation			9606									21555373	t		miannu	Prostate apoptosis response protein-4 (Par-4) sensitizes cells to chemotherapy	SIGNOR-279668	0.386	
mTORC2	complex	SIGNOR-C2	SIGNOR	AKT1	protein	P31749	UNIPROT	up-regulates activity	phosphorylation	Ser477	PQFSYSAsGTA	9606	BTO:0000093								24670654	t		gcesareni	Phosphorylation of S477 and T479 at the Akt extreme carboxy terminus by cyclin-dependent kinase 2 (Cdk2)/cyclin A or mTORC2, under distinct physiological conditions, promotes Akt activation through facilitating, or functionally compensating for, S473 phosphorylation	SIGNOR-252441	0.654	
AKT1	protein	P31749	UNIPROT	ATG4B	protein	Q9Y4P1	UNIPROT	up-regulates activity	phosphorylation	Ser34	WILGRKYsIFTEKDE	9606	BTO:0000586								29165041	t		lperfetto	In this study, we identified a novel phosphorylation site at Ser34 of ATG4B induced by AKT in HCC cells.| In brief, our results demonstrate for the first time that the phosphorylation of ATG4B at Ser34 participates in the metabolic reprogramming of HCC cells via repressing mitochondrial function, which possibly results from the Ser34 phosphorylation-induced mitochondrial enrichment of ATG4B and the subsequent inhibition of F1Fo-ATP synthase activity.	SIGNOR-275834	0.308	
AKT1	protein	P31749	UNIPROT	SLC2A1	protein	P11166	UNIPROT	up-regulates quantity by expression	transcriptional regulation			9606									8940145	f		gcesareni	The constitutively active akt also increased the synthesis of the ubiquitously expressed glucose transporter 1. The increased glucose influx in the 3t3-l1 adipocytes directed lipid but not glycogen synthesis	SIGNOR-252579	0.537	
AKT1	protein	P31749	UNIPROT	SH3RF1	protein	Q7Z6J0	UNIPROT	down-regulates	phosphorylation	Ser304	KNTKKRHsFTSLTMA	9606									17535800	t		miannu	We report here that posh is a direct substrate for phosphorylation by akt in vivo and in vitro, and we identify a major site of akt phosphorylation as serine 304 of posh, which lies within the rac-binding domain. We further show that phosphorylation of posh results in a decreased ability to bind activated rac, as does phosphomimetic s304d and s304e mutation of posh.	SIGNOR-252501	0.386	
PTEN	protein	P60484	UNIPROT	AKT1	protein	P31749	UNIPROT	down-regulates activity				9606	BTO:0001271								20596030	f		lperfetto	Exposure of eol-1r cells to imatinib failed to dephosphorylate akt, erk and stat5, although pdgfralpha was effectively inactivated. The forced expression of pten negatively regulated these signal pathways and sensitized eol-1r cells to imatinib.	SIGNOR-252638	0.62	
AKT1	protein	P31749	UNIPROT	RPS3	protein	P23396	UNIPROT	up-regulates activity	phosphorylation	Thr70	GRRIRELtAVVQKRF	10116	BTO:0003060								20605787	t		miannu	Here, we show that human RPS3 is a physiological target of Akt kinase and a novel mediator of neuronal apoptosis. NGF stimulation resulted in phosphorylation of threonine 70 of RPS3 by Akt, and this phosphorylation was required for Akt binding to RPS3.our experiment demonstrated that Akt up-regulates the endonuclease activity of RPS3 via phosphorylation and led us to believe that Akt phosphorylation of RPS3 after DNA damage is an antiapoptotic signal or a molecular switch that extends the life of a cell after DNA damage.	SIGNOR-259815	0.364	
AKT1	protein	P31749	UNIPROT	CREB1	protein	P16220	UNIPROT	up-regulates activity	phosphorylation	Ser119	EILSRRPsYRKILND	9606	BTO:0000007								9829964	t		gcesareni	When overexpressed in serum-stimulated cells, Akt/PKB potently induced Ser-133 phosphorylation of CREB and promoted recruitment of CBP. Correspondingly, Akt/PKB stimulated target gene expression via CREB in a phospho(Ser-133)-dependent manner.	SIGNOR-252549	0.781	
AKT1	protein	P31749	UNIPROT	STK3/4	proteinfamily	SIGNOR-PF41	SIGNOR	down-regulates	phosphorylation			9606									20086174	t	inferred from 70% of family members	llicata	We determined that mst2 phosphorylation by akt limits mst2 activity in two ways: first, by blocking its binding to rassf1a and by promoting its association into the raf-1 inhibitory complex, and second, by preventing homodimerization of mst2, which is needed for its activation.  we identified t117 and t384 as akt phosphorylation sites in mst2.	SIGNOR-269945	0.389	
AKT1	protein	P31749	UNIPROT	FOXO	proteinfamily	SIGNOR-PF27	SIGNOR	down-regulates	phosphorylation	Ser319	TFRPRTSsNASTISG	9606									11237865	t		lperfetto	The transcription factor, forkhead in rhabdomyosarcoma (fkhr), is phosphorylated at three amino acid residues (thr-24, ser-256 and ser-319) by protein kinase b (pkb)alpha.Fkhr (forkhead in rhabdomyosarcoma), afx (all1 fused gene from chromosome x) and fkhrl1 (fkhr-like 1) are phosphorylated directly by pkb in cells, preventing them from stimulating gene transcription and leading to their exit from the nucleus	SIGNOR-252860	0.915	
(2s)-1-{[5-(3-Methyl-1h-Indazol-5-Yl)pyridin-3-Yl]oxy}-3-Phenylpropan-2-Amine	chemical	CID:11314340	PUBCHEM	AKT1	protein	P31749	UNIPROT	down-regulates activity	chemical inhibition			-1									22037378	t		miannu	Our data set represents the most detailed comprehensive assessment of the reactivity of known and clinical kinase inhibitors across the kinome published to date. | The data also show that for at least 15 of the 27 kinases that are the primary, intended targets for the compounds tested and that are represented in the assay panel, selective inhibitors, as assessed by both absolute selectivity across the kinome and selectivity relative to the primary target, are among the 72 tested here.	SIGNOR-259688	0.8	
PIK3CA	protein	P42336	UNIPROT	AKT1	protein	P31749	UNIPROT	up-regulates activity				9606		BTO:0000586							16293724	f		lperfetto	We show that PGE2 stimulates colon cancer cell growth through its heterotrimeric guanine nucleotide-binding protein;G protein)-coupled receptor, EP2, by a signaling route that involves the activation of phosphoinositide 3-kinase and the protein kinase Akt	SIGNOR-235914	0.827	
AKT1	protein	P31749	UNIPROT	CDK2	protein	P24941	UNIPROT	up-regulates	phosphorylation	Thr39	LKKIRLDtETEGVPS	9606									18354084	t		lperfetto	Akt phosphorylates cdk2 at threonine 39 residue both in vitro and in vivo. Although cdk2 threonine 39 phosphorylation mediated by akt enhances cyclin-a binding, it is dispensable for its basal binding and the kinase activity.	SIGNOR-178058	0.325	
AKT1	protein	P31749	UNIPROT	TWIST1	protein	Q15672	UNIPROT	up-regulates	phosphorylation	Ser42	GGRKRRSsRRSAGGG	9606									20400976	t		llicata	Moreover, phosphorylation of twist-1 at ser42 was shown in vivo in various human cancer tissues, suggesting that this post-translational modification ensures functional activation of twist-1 after promotion of survival during carcinogenesis.	SIGNOR-164884	0.433	
AKT1	protein	P31749	UNIPROT	GAB2	protein	Q9UQC2	UNIPROT	down-regulates	phosphorylation	Ser159	LLRERKSsAPSHSSQ	9606									11782427	t		lperfetto	Pkb constitutively associates with gab2, phosphorylates gab2 on a consensus phosphorylation site, ser159, in vitro and inhibits gab2 tyrosine phosphorylation.	SIGNOR-252468	0.713	
RET	protein	P07949	UNIPROT	AKT1	protein	P31749	UNIPROT	up-regulates	phosphorylation	Tyr315	TFCGTPEyLAPEVLE	9606	BTO:0000944								15994200	t		lperfetto	The PKB Y315 residue, which is known to be phosphorylated by Src tyrosine kinase, was also a major site of phosphorylation by RET/PTC. RET/PTC-mediated tyrosine phosphorylation results in the activation of PKB kinase activity	SIGNOR-252619	0.319	
AKT1	protein	P31749	UNIPROT	SRPK2	protein	P78362	UNIPROT	up-regulates	phosphorylation	Thr492	PSHDRSRtVSASSTG	9606	BTO:0000938	BTO:0000142							19592491	t		lperfetto	Here we show that srpk2, a protein kinase specific for the serine/arginine (sr) family of splicing factors, triggers cell cycle progression in neurons and induces apoptosis through regulation of nuclear cyclin d1. Akt phosphorylates srpk2 on thr-492 and promotes its nuclear translocation leading to cyclin d1 up-regulation, cell cycle reentry, and neuronal apoptosis.	SIGNOR-186760	0.457	
AKT1	protein	P31749	UNIPROT	DLC1	protein	Q96QB1	UNIPROT	unknown	phosphorylation	Ser766	VTRTRSLsACNKRVG	10116									16338927	t		gcesareni	We have demonstrated that Ser-322 is phosphorylated upon insulin stimulation of intact cells and that this site is directly phosphorylated in vitro by PKB and ribosomal S6 kinase, members of the AGC (protein kinases A, G, and C) family of insulin-stimulated protein kinases	SIGNOR-252550	0.485	
PI3K	complex	SIGNOR-C156	SIGNOR	AKT1	protein	P31749	UNIPROT	up-regulates activity				9606		BTO:0000150							12167717	f		lperfetto	PKB induction requires phosphorylation of two critical residues, threonine 308 in the activation loop and serine 473 near the carboxyl terminus. Membrane localization of PKB was found to be a primary determinant of serine 473 phosphorylation. PI3K activity was equally important for promoting phosphorylation of serine 473,	SIGNOR-252710	0.803	
PPP2CA	protein	P67775	UNIPROT	AKT1	protein	P31749	UNIPROT	down-regulates activity	dephosphorylation	Ser473	RPHFPQFsYSASGTA	9606									18160256	t			Overexpression of BTBD10 increased phosphorylation levels of Akts at both Thr(308) and Ser(473) while the reduction of the endogenous BTBD10 level resulted in a decrease in the phosphorylation levels of Akts. In vitro analysis indicated that BTBD10 bound to protein phosphatase 2A (PP2A) and inhibited dephosphorylation of Akts by PP2A.	SIGNOR-248628	0.896	
FLT3	protein	P36888	UNIPROT	AKT1	protein	P31749	UNIPROT	up-regulates activity				9606									16266983	f		gcesareni	We show that the presence of Flt3-ITD constitutively activates Akt (PKB), a key serine-threonine kinase within the phosphatidylinositol 3-kinase pathway.	SIGNOR-252626	0.425	
AKT1	protein	P31749	UNIPROT	GSK3A	protein	P49840	UNIPROT	down-regulates	phosphorylation	Ser21	SGRARTSsFAEPGGG	9606									11035810	t		gcesareni	In response to insulin, gsk3a inhibited by phosphorylation at ser-21 by pkb/akt1;phosphorylation at this site causes a conformational change, preventing access of substrates to the active site.	SIGNOR-252589	0.649	
PPP1CB	protein	P62140	UNIPROT	AKT1	protein	P31749	UNIPROT	down-regulates	dephosphorylation	Thr450	TAQMITItPPDQDDS	9606									20186153	t		gcesareni	Akt activation is achieved through a series of phosphorylation steps, the first being akt phosphorylation at thr-450 by jnk kinases. Pp-1 acts as a major phosphatase to dephosphorylate akt at thr-450 and thus modulate its functions.	SIGNOR-163965	0.378	
AKT1	protein	P31749	UNIPROT	PHF20	protein	Q9BVI0	UNIPROT	down-regulates	phosphorylation	Ser291	ELRRRKIsKGCEVPL	9606									22334668	t		llicata	Akt phosphorylates phf20 at ser(291) in vitro and in vivo, which results in its translocation from the nucleus to the cytoplasm and attenuation of phf20 function.	SIGNOR-252529	0.571	
AKT1	protein	P31749	UNIPROT	BTK	protein	Q06187	UNIPROT	down-regulates quantity by destabilization	phosphorylation	Ser51	FERGRRGsKKGSIDV	9606	BTO:0003289								23754751	t		miannu	The activated serine/threonine kinase Akt/protein kinase B (PKB) phosphorylated Btk on two sites prior to 14-3-3ζ binding. The interaction sites were mapped to phosphoserine pS51 in the pleckstrin homology domain and phosphothreonine pT495 in the kinase domain. 	SIGNOR-276466	0.294	
AKT1	protein	P31749	UNIPROT	CCT2	protein	P78371	UNIPROT	unknown	phosphorylation	Ser260	GSRVRVDsTAKVAEI	9606									19332537	t		llicata	Furthermore, ha-tagged akt can phosphorylate gst-cct_ protein in vitro	SIGNOR-184922	0.2	
AKT1	protein	P31749	UNIPROT	YWHAZ	protein	P63104	UNIPROT	unknown	phosphorylation	Ser58	VVGARRSsWRVVSSI	9606	BTO:0000007								11956222	t		llicata	Ese data indicate that pkb/akt phosphorylates ser-58 on 14-3-3zeta both in vitro and in intact cells. The functional relevance of this phosphorylation remains to be determined.	SIGNOR-116587	0.685	
AKT1	protein	P31749	UNIPROT	HNRNPA1	protein	P09651	UNIPROT	down-regulates	phosphorylation	Ser199	SQRGRSGsGNFGGGR	9606									18562319	t		gcesareni	Our data also suggest that akt negatively regulates hnrnp a1-mediated ires activity via phosphorylation at ser199.	SIGNOR-252519	0.407	
AKT1	protein	P31749	UNIPROT	CDKN1B	protein	P46527	UNIPROT	down-regulates quantity by repression	transcriptional regulation			9606									18423396	f		fspada	Moreover, expression of p27(kip1), an inhibitor of the cell cycle, was down regulated in an akt1/pkbalpha-specific manner during adipocytedifferentiation.	SIGNOR-178269	0.857	
AKT1	protein	P31749	UNIPROT	HSPB1	protein	P04792	UNIPROT	down-regulates	phosphorylation	Ser82	RALSRQLsSGVSEIR	9606									19593530	t	10383393: We demonstrate that both phosphorylated sHsps and the triple mutant Hsp27-S15D,S78D,S82D show significantly decreased abilities to act as molecular chaperones suppressing thermal denaturation and facilitating refolding of citrate synthase in vitro.	lperfetto	First, the akt1, akt2, and akt3 isoforms can bind directly to hsp27 and can be found in a complex with p38 mapk, mk2, and hsp27 [98_100]. Second, rane and colleagues showed that akt could phosphorylate hsp27 at ser-82, but not ser-15 or ser-78, in vitro, while co-expression of an active akt mutant and hsp27 in hek cells resulted in hsp27 phosphorylation at the same residue.	SIGNOR-252526	0.643	
AKT1	protein	P31749	UNIPROT	P300/PCAF	complex	SIGNOR-C7	SIGNOR	up-regulates	phosphorylation			9606		BTO:0000887							17964260	t		lperfetto	Akt1 and 2 promote the association of myod with p300 and pcaf acetyltransferases, via direct phosphorylation of p300.	SIGNOR-217670	0.608	
AKT1	protein	P31749	UNIPROT	ATXN1	protein	P54253	UNIPROT	up-regulates quantity by stabilization	phosphorylation	Ser775	ATRKRRWsAPESRKL	9606	BTO:0000567								12757707	t			Interaction of Ataxin-1 and 14-3-3 Requires Akt Phosphorylation at S776. 14-3-3 protein, a multifunctional regulatory molecule, mediates the neurotoxicity of ataxin-1 by binding to and stabilizing ataxin-1, thereby slowing its normal degradation.	SIGNOR-252561	0.402	
AKT1	protein	P31749	UNIPROT	NR4A1	protein	P22736	UNIPROT	down-regulates activity	phosphorylation	Ser351	GRRGRLPsKPKQPPD	9606									11274386	t		lperfetto	We show that akt interacts with nur77 and inactivates nur77 by phosphorylation at ser-350	SIGNOR-252466	0.741	
AKT1	protein	P31749	UNIPROT	PDCD4	protein	Q53EL6	UNIPROT	down-regulates	phosphorylation	Ser457	RGRKRFVsEGDGGRL	9606									16357133	t		gcesareni	Our results show that akt specifically phosphorylates ser(67) and ser(457) residues of pdcd4 in vitro and in vivo. We further show that phosphorylation of pdcd4 by akt causes nuclear translocation of pdcd4.	SIGNOR-252488	0.43	
AKT1	protein	P31749	UNIPROT	TP53RK	protein	Q96S44	UNIPROT	up-regulates	phosphorylation	Ser250	RLRGRKRsMVG	9606									17712528	t		gcesareni	Here we show that such an activation of prpk is mediated by another kinase, akt/pkb, which phosphorylates prpk at ser250.	SIGNOR-252503	0.293	
AKT1	protein	P31749	UNIPROT	STK3	protein	Q13188	UNIPROT	down-regulates	phosphorylation	Thr117	IIRLRNKtLIEDEIA	9606	BTO:0000150								20231902	t		gcesareni	Akt phosphorylates mst2 at thr117 in vitro and in vivo, which leads to mst2 cleavage and kinase activity as well as nuclear translocation.	SIGNOR-252509	0.349	
AKT1	protein	P31749	UNIPROT	ACAP1	protein	Q15027	UNIPROT	unknown	phosphorylation	Ser554	SIRPRPGsLRSKPEP	9606									16256741	t		llicata	Akt phosphorylates s554 in acap1	SIGNOR-252483	0.473	
AKT1	protein	P31749	UNIPROT	BRAF	protein	P15056	UNIPROT	down-regulates activity	phosphorylation	Ser365	GQRDRSSsAPNVHIN	9606									10869359	t			Akt phosphorylates both S364 and S428. Akt downregulates B-Raf activity in vivo	SIGNOR-251471	0.447	
AKT1	protein	P31749	UNIPROT	TBC1D4	protein	O60343	UNIPROT	unknown	phosphorylation	Thr642	QFRRRAHtFSHPPSS	9606									16880201	t		llicata	14-3-3 proteins interact with as160 in an insulin- and akt-dependent manner via an akt phosphorylation site, thr-642.	SIGNOR-252494	0.776	
AKT1	protein	P31749	UNIPROT	MVD	protein	P53602	UNIPROT	up-regulates activity	phosphorylation	Ser96	LARKRRNsRDGDPLP	10090									25378391	t		miannu	Akt modulated the pathway by phosphorylating mevalonate diphosphate decarboxylase (MDD) at Ser96. These data suggest that Akt regulates Rac1 activity by directly phosphorylating MDD at Ser96, which augments Rac1 geranylgeranylation. 	SIGNOR-265891	0.2	
AKT1	protein	P31749	UNIPROT	AKT1S1	protein	Q96B36	UNIPROT	down-regulates activity	phosphorylation	Thr246	LPRPRLNtSDFQKLK	9606	BTO:0000007								12524439	t		gcesareni	Treatment of these cells with 4-hydroxytamoxifen stimulated the phosphorylation of wt PRAS40 but not the mutant PRAS40 in which Thr-246 was mutated. These results demonstrate that activation of Akt alone is sufficient to induce phosphorylation of PRAS40	SIGNOR-252544	0.794	
AKT1	protein	P31749	UNIPROT	TKT	protein	P29401	UNIPROT	up-regulates activity	phosphorylation	Thr382	GCATRNRtVPFCSTF	9606	BTO:0000567								24981175	t		lperfetto	Akt phosphorylates TKT on Thr382, markedly enhancing enzyme activity and increasing carbon flow through the nonoxidative PPP, thereby increasing purine synthesis. 	SIGNOR-265101	0.281	
AKT1	protein	P31749	UNIPROT	KDM5A	protein	P29375	UNIPROT	up-regulates activity	phosphorylation	Thr1225	SRRPRLEtILSLLVS	-1									27292631	t		miannu	We immunoprecipitated ectopically expressed wild-type KDM5A or KDM5Amut5A and performed an in vitro kinase assay using recombinant AKT1 in the presence or absence of AKT inhibition.Wild-type KDM5A is phosphorylated by AKT1 and this modification is sensitive to AKT inhibition, whereas KDM5Amut5A is not phosphorylated in the presence of AKT1 (Figure 3C).These results suggest that AKT-mediated KDM5A phosphorylation enhances KDM5A promoter recruitment.	SIGNOR-274063	0.3	
AKT1	protein	P31749	UNIPROT	FOXO	proteinfamily	SIGNOR-PF27	SIGNOR	down-regulates activity	phosphorylation	Ser197	APRRRAAsMDSSSKL	10090	BTO:0004245								10217147	t			Here we show that protein kinase B phosphorylates AFX, a human orthologue of daf -16 (refs 5, 6, 9), both in vitro and in vivo.	SIGNOR-252861	0.915	
AKT1	protein	P31749	UNIPROT	FOXO	proteinfamily	SIGNOR-PF27	SIGNOR	down-regulates	phosphorylation			9606									18394876	t		lperfetto	The phosphorylation of the two remaining akt-dependent sites inhibits foxo6 transcriptional activity	SIGNOR-252859	0.915	
TRIB3	protein	Q96RU7	UNIPROT	AKT1	protein	P31749	UNIPROT	down-regulates activity	binding			9606	BTO:0000007	BTO:0000759							12791994	t		llicata	TRB3 expression is induced in liver under fasting conditions, and TRB3 disrupts insulin signaling by binding directly to Akt and blocking activation of the kinase.	SIGNOR-252644	0.633	
AKT1	protein	P31749	UNIPROT	CARD11	protein	Q9BXL7	UNIPROT	up-regulates activity	phosphorylation	Ser652	LERPFRPsVTSVGHV	-1									24548923	t		miannu	Akt phosphorylates S637 and S645 in the linker region of Carma1 	SIGNOR-276620	0.511	
AKT1	protein	P31749	UNIPROT	SH2B2	protein	O14492	UNIPROT	unknown	phosphorylation	Ser598	SARSRSNsAERLLEA	10090									16141217	t			Serine 588 of APS is a newly identified target for protein kinase B in intact cells and in vitro. The precise function of this PKB-mediated phosphorylation event is not entirely clear but may be responsible for regulating cellular localization and will be the subject of future investigation.	SIGNOR-252577	0.391	
AKT1	protein	P31749	UNIPROT	MEF2D	protein	Q14814	UNIPROT	up-regulates				9606	BTO:0000222	BTO:0000887;BTO:0001103							10896679	f		lperfetto	Two candidates that may function as mediators of pi3-k in the phosphorylation of mef2 proteins are pkb and big map kinase 1.	SIGNOR-79338	0.619	
AKT1	protein	P31749	UNIPROT	ESR1	protein	P03372	UNIPROT	up-regulates	phosphorylation	Ser104	FPPLNSVsPSPLMLL	9606									11108261	t		lperfetto	Studies using mutants of er-alpha demonstrated that akt increased estrogen receptor activity through the amino-terminal activation function-1 (af-1). Serines s104 s106, s118, and s167 appear to play a role in the activation of er-alpha by akt.	SIGNOR-84963	0.777	
AKT1	protein	P31749	UNIPROT	NCF1	protein	P14598	UNIPROT	up-regulates	phosphorylation	Ser304	GAPPRRSsIRNAHSI	9606	BTO:0000130								10559253	t		esanto	Akt phosphorylates p47phox and mediates respiratory burst activity in human neutrophils. A direct interaction between p47(phox) and akt was shown. Active recombinant akt phosphorylated recombinant p47(phox) in vitro. Mutation analysis indicated that 2 aa residues, ser(304) and ser(328), were phosphorylated by akt. Inhibition of akt activity also inhibited fmlp-stimulated neutrophil chemotaxis.	SIGNOR-252586	0.547	
AKT1	protein	P31749	UNIPROT	CASP9	protein	P55211	UNIPROT	down-regulates activity	phosphorylation	Ser196	KLRRRFSsLHFMVEV	-1									9812896	t		lperfetto	Akt phosphorylated recombinant casp9 in vitro on serine-196 and inhibited its protease activity	SIGNOR-252581	0.787	
AKT1	protein	P31749	UNIPROT	MAPK1	protein	P28482	UNIPROT	up-regulates activity	phosphorylation			9606									20693286	t		miannu	AKT1 stimulated PLD activity via activation of ERK.|AKT1 actually phosphorylated ERK2 as a substrate (K(m) 1 \u03bcm).	SIGNOR-279136	0.549	
AKT1	protein	P31749	UNIPROT	KDM5A	protein	P29375	UNIPROT	up-regulates activity	phosphorylation	Thr285	QMRQRKGtLSVNFVD	-1									27292631	t		miannu	We immunoprecipitated ectopically expressed wild-type KDM5A or KDM5Amut5A and performed an in vitro kinase assay using recombinant AKT1 in the presence or absence of AKT inhibition.Wild-type KDM5A is phosphorylated by AKT1 and this modification is sensitive to AKT inhibition, whereas KDM5Amut5A is not phosphorylated in the presence of AKT1 (Figure 3C).These results suggest that AKT-mediated KDM5A phosphorylation enhances KDM5A promoter recruitment.	SIGNOR-274061	0.3	
AKT1	protein	P31749	UNIPROT	MAP2K4	protein	P45985	UNIPROT	down-regulates	phosphorylation	Ser80	IERLRTHsIESSGKL	9606	BTO:0000007								11707464	t		lperfetto	Akt phosphorylated sek1 on serine 78.	SIGNOR-236494	0.605	
AKT1	protein	P31749	UNIPROT	NR3C1	protein	P04150	UNIPROT	down-regulates	phosphorylation	Ser134	ANLNRSTsVPENPKS	9606	BTO:0000731								24291004	t		lperfetto	Akt1 impairs glucocorticoid-induced gene expression by direct phosphorylation of nr3c1 at position s134 and blocking glucocorticoid-induced nr3c1 translocation to the nucleus	SIGNOR-252543	0.475	
PPP1CC	protein	P36873	UNIPROT	AKT1	protein	P31749	UNIPROT	down-regulates activity	dephosphorylation	Ser473	RPHFPQFsYSASGTA	9606	BTO:0002419								14633703	t			Here, we identify PP1 as a serine/threonine phosphatase that associates with and dephosphorylates AKT in breast cancer cells|The heat shock protein 90 inhibitor geldanamycin and the ErbB inhibitor ZD1839 promote rapid PP1 phosphatase-dependent inactivation of AKT in ErbB2 overexpressing breast cancer cells	SIGNOR-252605	0.377	
AKT1	protein	P31749	UNIPROT	CDKN1A	protein	P38936	UNIPROT	up-regulates quantity by stabilization	phosphorylation	Ser146	GRKRRQTsMTDFYHS	9606									31575057	t		gcesareni	Pim-1, PKC, and Akt1 kinases phosphorylate Thr-145 and Ser-146 sites on p21 protein. Phosphorylation at Thr-145 promotes cytoplasmic translocation and stability of p21. Ser-146 phosphorylation mediated by Akt1 enhances p21 stabilization and promotes cell survival.	SIGNOR-157790	0.847	
AKT1	protein	P31749	UNIPROT	CASP9	protein	P55211	UNIPROT	down-regulates	phosphorylation	Ser196	KLRRRFSsLHFMVEV	9606									15004527	t		gcesareni	Akt phosphorylated recombinant casp9 in vitro on serine-196 and inhibited its protease activity	SIGNOR-252472	0.787	
AKT1	protein	P31749	UNIPROT	ITCH	protein	Q96J02	UNIPROT	up-regulates quantity	phosphorylation	Ser257	PSRPPRPsRPPPPTP	9606	BTO:0000815								30517763	t		miannu	AKT1-mediated phosphorylation of ITCH at Ser257 drives its nuclear translocation	SIGNOR-272922	0.315	
AKT1	protein	P31749	UNIPROT	FOXO	proteinfamily	SIGNOR-PF27	SIGNOR	down-regulates	phosphorylation	Thr32	QSRPRSCtWPLPRPE	9606									16272144	t		lperfetto	Foxo4 transcription factor, also referred to afx, contains three putative phosphorylation motif sites for protein kinase b (pkb), thr32, ser197, and ser262, and it is proposed that phosphorylated foxo4 stays in the cytosol and is imported to the nucleus through dephosphorylation to induce target gene expression	SIGNOR-252855	0.915	
AKT1	protein	P31749	UNIPROT	NUAK1	protein	O60285	UNIPROT	up-regulates	phosphorylation	Ser600	PARQRIRsCVSAENF	9606									12409306	t		esanto	Ser(600) in ark5 was found to be phosphorylated by active akt resulting in the activation of kinase activity.	SIGNOR-252591	0.261	
AKT1	protein	P31749	UNIPROT	ACLY	protein	P53396	UNIPROT	unknown	phosphorylation	Ser455	PAPSRTAsFSESRAD	10116	BTO:0000443								12107176	t		gcesareni	Taken together, these results demonstrate that serine 454 of ATP-citrate lyase is a novel and major in vivo substrate for protein kinase B.	SIGNOR-245255	0.422	
PTPA	protein	Q15257	UNIPROT	AKT1	protein	P31749	UNIPROT	down-regulates	dephosphorylation	Ser473	RPHFPQFsYSASGTA	9606									21159657	t		gcesareni	Consistent with previous reports (2830), we found that expression of sv40st, suppression of either pp2a c or b resulted in elevated levels of akt phosphorylation (ser473)	SIGNOR-252607	0.2	
IL5	protein	P05113	UNIPROT	AKT1	protein	P31749	UNIPROT	up-regulates				9606									21106848	f			It has been reported that IL-5 family members and selected chemotactic factors can activate the PI3K-Akt pathway in human blood eosinophils	SIGNOR-254351	0.392	
AKT1	protein	P31749	UNIPROT	MDM2	protein	Q00987	UNIPROT	up-regulates activity	phosphorylation	Ser186	RQRKRHKsDSISLSF	9606									11504915	t		lperfetto	Mitogen-induced activation of phosphatidylinositol 3-kinase (pi3-kinase) and its downstream target, the akt/pkb serine-threonine kinase, results in phosphorylation of mdm2 on serine 166 and serine 186. Phosphorylation on these sites is necessary for translocation of mdm2 from the cytoplasm into the nucleus.Both akt expression and serum treatment induced phosphorylation of mdm2 at ser186.	SIGNOR-116274	0.818	
INPPL1	protein	O15357	UNIPROT	AKT1	protein	P31749	UNIPROT	down-regulates				9606	BTO:0000776								10942391	f		gcesareni	Taken together, the data presented here demonstrate that ship inhibits akt primarily through regulation of akt membrane localization.	SIGNOR-80706	0.665	
AKT1	protein	P31749	UNIPROT	FOXO3	protein	O43524	UNIPROT	down-regulates quantity by destabilization	phosphorylation	Ser315	DFRSRTNsNASTVSG										19951971	t		lperfetto	AKT phosphorylates FOXO3a at three conserved sites (Thr32, Ser253 and Ser315), therefore creating binding sites for the 14-3-3 chaperone proteins and leading to the active export of FOXO3a to the cytoplasm where it is targeted for proteasomal degradation.	SIGNOR-249627	0.914	
AKT1	protein	P31749	UNIPROT	SMURF1	protein	Q9HCE7	UNIPROT	up-regulates activity	phosphorylation	Thr145	QTRDRIGtGGSVVDC	9606									27036023	t		miannuccelli	Furthermore, phosphorylation of Smurf1 by Akt1 was carried out specifically on the T145 residue, as mutation of this site abolished recognition of Smurf1 by the Akt1 phosphorylation motif antibody (Figure 5D).|We also identified that Smurf1 itself is targeted for phosphorylation by Akt1 and Akt2, regulating its stability.	SIGNOR-279778	0.348	
AKT1	protein	P31749	UNIPROT	HTT	protein	P42858	UNIPROT	unknown	phosphorylation	Ser419	GGRSRSGsIVELIAG	9606	BTO:0000938								12062094	t		llicata	We demonstrate that huntingtin is a substrate of akt and that phosphorylation of huntingtin by akt is crucial to mediate the neuroprotective effects of igf-1.	SIGNOR-252590	0.541	
AKT1	protein	P31749	UNIPROT	LONP1	protein	P36776	UNIPROT	up-regulates activity	phosphorylation	Ser181	NESDVVEsLDEIYHT	9606	BTO:0001061								31406245	t		lperfetto	In mitochondria, LonP1 is phosphorylated by Akt on Ser173 and Ser181, enhancing its protease activity.	SIGNOR-265725	0.251	
AKT1	protein	P31749	UNIPROT	RAB3IP	protein	Q96QF0	UNIPROT	up-regulates activity	phosphorylation	Ser165	LSRLRSPsVLEVREK	9606	BTO:0001950								36797475	t		miannu	Rabin8 is phosphorylated and activated by Akt in cells grown on stiff ECM.	SIGNOR-277802	0.2	
AKT1	protein	P31749	UNIPROT	FBXO31	protein	Q5XUX0	UNIPROT	down-regulates quantity by destabilization	phosphorylation	Ser33	AETAAADsEPDTDPE	9606	BTO:0002181								29343641	t		miannu	Here we show that the low levels of FBXO31 are maintained through proteasomal degradation by anaphase-promoting complex/cyclosome (APC/C). We find that the APC/C coactivators CDH1 and CDC20 bind to a destruction-box (D-box) motif present in FBXO31 to promote its polyubiquitination and degradation in a cell-cycle-regulated manner, which requires phosphorylation of FBXO31 on serine-33 by the prosurvival kinase AKT.	SIGNOR-277376	0.2	
AKT1	protein	P31749	UNIPROT	METTL1	protein	Q9UBP6	UNIPROT	down-regulates	phosphorylation	Ser27	YYRQRAHsNPMADHT	9606									3627513	t		lperfetto	The trna methylase mettl1 is phosphorylated and inactivated by pkb and rsk in vitro and in cells	SIGNOR-24994	0.328	
GSK690693	chemical	CHEBI:90677	ChEBI	AKT1	protein	P31749	UNIPROT	down-regulates	chemical inhibition			9606									Other	t	Selleck	gcesareni		SIGNOR-252462	0.8	
AKT1	protein	P31749	UNIPROT	CHUK	protein	O15111	UNIPROT	up-regulates	phosphorylation	Thr23	EMRERLGtGGFGNVC	9606				SIGNOR-C14					19609947	t		gcesareni	Although there are likely to be multiple levels of crosstalk between the pi3k-akt and nf-kb pathways, one mechanism has been attributed to direct phosphorylation of the amino acid residue t23 on ikb kinase alfa (ikkalfa) by akt, thereby leading to activation of this kinase upstream of nf-kb akt mediates ikkalpha phosphorylation at threonine 23 akt transiently associates in vivo with ikk and induces ikk activation. Akt mediates ikkalfa phosphorylation at threonine 23.Akt phosphorylates ikkalpha on t23, and this phosphorylation event is a prerequisite for the phosphorylation of p65 at s534 by ikkalpha and beta	SIGNOR-187006	0.678	
prostaglandin E2	smallmolecule	CHEBI:15551	ChEBI	AKT1	protein	P31749	UNIPROT	up-regulates	chemical activation			9606									16293724	t		gcesareni	Pge2 also stimulated akt activity in a pi3k-dependent manner.	SIGNOR-141817	0.8	
AKT1	protein	P31749	UNIPROT	Proliferation	phenotype	SIGNOR-PH4	SIGNOR	up-regulates				9606									24743741	f			Activation of PDGFRα stimulates proliferation of PDGFRα(+) cells through PI3K-Akt and MEK2-MAPK signaling pathways, and aberrant accumulation of PDGFRα(+) cells was conspicuous in muscles of patients with both genetic and non-genetic muscle diseases.	SIGNOR-254372	0.7	
PIK3C3	protein	Q8NEB9	UNIPROT	AKT1	protein	P31749	UNIPROT	up-regulates	relocalization			9606									10698680	t		lperfetto	One of the best characterized targets of pi3k lipid products is the protein kinase akt or protein kinase b (pkb). In quiescent cells, pkb resides in the cytosol in a low-activity conformation. Upon cellular stimulation, pkb is activated through recruitment to cellular membranes by pi3k lipid products and phosphorylation by 3h-phosphoinositide-dependent kinase-1 (pdk1).	SIGNOR-252632	0.428	
AKT1	protein	P31749	UNIPROT	MEF2C	protein	Q06413	UNIPROT	up-regulates activity				9606	BTO:0000222	BTO:0000887;BTO:0001103							10896679	f		lperfetto	Two candidates that may function as mediators of pi3-k in the phosphorylation of mef2 proteins are pkb and big map kinase 1.	SIGNOR-79335	0.571	
AKT1	protein	P31749	UNIPROT	PHB2	protein	Q99623	UNIPROT	down-regulates	binding			10090									15173318	t		lperfetto	Akt binds prohibitin 2 and relieves its repression of myod and muscle differentiation	SIGNOR-252541	0.476	
PTK6	protein	Q13882	UNIPROT	AKT1	protein	P31749	UNIPROT	up-regulates	phosphorylation	Tyr315	TFCGTPEyLAPEVLE	9606									15994200	t		gcesareni	These observations suggest that RET/PTC is able to phosphorylate the Y315 residue of PKB, an event that results in maximal activation of PKB for RET/PTC-induced thyroid tumorigenesis.	SIGNOR-252617	0.498	
AKT1	protein	P31749	UNIPROT	FOXO1	protein	Q12778	UNIPROT	down-regulates activity	phosphorylation			10090	BTO:0002572								18423396	t		lperfetto	Akt1/PKBalpha was found to be the major regulator of phosphorylation and nuclear export ofFoxO1, whose presence in the nucleus strongly attenuates adipocyte differentiation.	SIGNOR-236206	0.876	
PIK3C3	protein	Q8NEB9	UNIPROT	AKT1	protein	P31749	UNIPROT	up-regulates				9606									10698680	f		acerquone	Pkb is activated through recruitment to cellular membranes by pi3k lipid products and phosphorylation by 3h-phosphoinositide-dependent kinase-1 (pdk1)	SIGNOR-252633	0.428	
AKT1	protein	P31749	UNIPROT	HSF1	protein	Q00613	UNIPROT	up-regulates activity	phosphorylation	Thr527	PPKAKDPtVS	9606									35080342	t		miannu	AKT1 and AKT2 phosphorylate HSF1 at S326 but only AKT1 activates HSF1.|Mass spectrometry showed that AKT1 also phosphorylated HSF1 at T142, S230 and T527 in addition to S326, whereas the other kinases did not.	SIGNOR-278371	0.4	
AKT1	protein	P31749	UNIPROT	NCOR1	protein	O75376	UNIPROT	down-regulates	phosphorylation	Ser1450	TVRSRHTsVVSSGPS	9606	BTO:0001271								23940660	t		llicata	Akt-induced phosphorylation of n-cor at serine 1450 contributes to its misfolded conformational dependent loss (mcdl) in acute myeloid leukemia of the m5 subtype.	SIGNOR-198913	0.419	
PDPK1	protein	O15530	UNIPROT	AKT1	protein	P31749	UNIPROT	up-regulates	phosphorylation	Thr308	KDGATMKtFCGTPEY	9606		BTO:0000142							10226025	t		acerquone	Protein kinase b (pkb) is activated by phosphorylation of thr308 and of ser473. Thr308 is phosphorylated by the 3-phosphoinositide-dependent protein kinase-1 (pdk1) but the identity of the kinase that phosphorylates ser473 (provisionally termed pdk2) is unknown.	SIGNOR-67363	0.753	
AKT1	protein	P31749	UNIPROT	SOX2	protein	P48431	UNIPROT	up-regulates quantity by stabilization	phosphorylation	Thr118	RPRRKTKtLMKKDKY	9606									25042802	t		miannu	In contrast, phosphorylation of Sox2 by AKT1 at T118 blocks K119me by Set7 and stabilizes Sox2.	SIGNOR-279003	0.522	
AKT1	protein	P31749	UNIPROT	TAL1	protein	P17542	UNIPROT	down-regulates	phosphorylation	Thr90	EARHRVPtTELCRPP	9606	BTO:0000782;BTO:0001271								15930267	t		miannu	Akt phosphorylates tal1 oncoprotein and inhibits its repressor activity. / our results show that akt specifically phosphorylates thr90 of the tal1 protein within its transactivation domain in vitro and in vivo.	SIGNOR-252479	0.371	
AKT1	protein	P31749	UNIPROT	SP7	protein	Q8TDD2	UNIPROT	up-regulates	phosphorylation			9606									21619873	t		gcesareni	Akt, a member of the ser-ine/threonine-specific protein kinase, was found to phosphorylate osx and dlx5	SIGNOR-252514	0.418	
PI3K	complex	SIGNOR-C156	SIGNOR	AKT1	protein	P31749	UNIPROT	up-regulates activity				9606		BTO:0000150							19573809	f		lperfetto	However, here we show through phosphoprotein profiling and functional genomic studies that many PIK3CA mutant cancer cell lines and human breast tumors exhibit only minimal AKT activation and a diminished reliance on AKT for anchorage-independent growth	SIGNOR-252704	0.803	
AKT1	protein	P31749	UNIPROT	BTK	protein	Q06187	UNIPROT	down-regulates quantity by destabilization	phosphorylation	Thr495	EMRHRFQtQQLLEMC	9606	BTO:0003289								23754751	t		miannu	The activated serine/threonine kinase Akt/protein kinase B (PKB) phosphorylated Btk on two sites prior to 14-3-3ζ binding. The interaction sites were mapped to phosphoserine pS51 in the pleckstrin homology domain and phosphothreonine pT495 in the kinase domain. 	SIGNOR-276465	0.294	
AKT1	protein	P31749	UNIPROT	CABLES1	protein	Q8TDN4	UNIPROT	down-regulates activity	phosphorylation	Thr309	APLRRCRtLSGSPRP	-1									25361894	t		miannu	Here, we report that Cables1 levels are controlled by a phosphorylation and 14-3-3-dependent mechanism. Mutagenic analyses identified two residues, T44 and T150, that are specifically critical for 14-3-3 binding and that serve as substrates for phosphorylation by the cell survival kinase Akt, which by binding directly to Cables1 recruits 14-3-3 to the complex.Ectopic expression of activated Akt (AKT1) prevented Cables1-induced apoptosis.	SIGNOR-276756	0.337	
TNK2	protein	Q07912	UNIPROT	AKT1	protein	P31749	UNIPROT	up-regulates activity	phosphorylation	Tyr176	EKATGRYyAMKILKK	10090									20333297	t		gcesareni	Ack1 (also known as ACK or TNK2), which directly phosphorylates AKT at an evolutionarily conserved tyrosine 176 in the kinase domain. Tyr176-phosphorylated AKT localizes to the plasma membrane and promotes Thr308/Ser473-phosphorylation leading to AKT activation.	SIGNOR-252446	0.417	
AKT1	protein	P31749	UNIPROT	KDM5A	protein	P29375	UNIPROT	up-regulates activity	phosphorylation	Ser225	TRRVKTQsESGDVSR	-1									27292631	t		miannu	We immunoprecipitated ectopically expressed wild-type KDM5A or KDM5Amut5A and performed an in vitro kinase assay using recombinant AKT1 in the presence or absence of AKT inhibition.Wild-type KDM5A is phosphorylated by AKT1 and this modification is sensitive to AKT inhibition, whereas KDM5Amut5A is not phosphorylated in the presence of AKT1 (Figure 3C).These results suggest that AKT-mediated KDM5A phosphorylation enhances KDM5A promoter recruitment.	SIGNOR-274060	0.3	
AKT1	protein	P31749	UNIPROT	ESR1	protein	P03372	UNIPROT	up-regulates	phosphorylation	Ser106	PLNSVSPsPLMLLHP	9606									11108261	t		lperfetto	Studies using mutants of er-alpha demonstrated that akt increased estrogen receptor activity through the amino-terminal activation function-1 (af-1). Serines s104 s106, s118, and s167 appear to play a role in the activation of er-alpha by akt.	SIGNOR-84967	0.777	
PI3K	complex	SIGNOR-C156	SIGNOR	AKT1	protein	P31749	UNIPROT	up-regulates activity				9606	BTO:0000938								9346240	f		lperfetto	Growth factors can promote cell survival by activating the phosphatidylinositide-3'-OH kinase and its downstream target, the serine-threonine kinase Akt	SIGNOR-252708	0.803	
AKT1	protein	P31749	UNIPROT	MDM4	protein	O15151	UNIPROT	up-regulates quantity by stabilization	phosphorylation	Ser367	PDCRRTIsAPVVRPK	9606									18356162	t		lperfetto	We demonstrate that the serine/threonine kinase akt mediates phosphorylation of mdmx at ser367. This phosphorylation leads to stabilization of mdmx and consequent stabilization of mdm2.	SIGNOR-252517	0.498	
AKT1	protein	P31749	UNIPROT	PRKACA	protein	P17612	UNIPROT	up-regulates				9606	BTO:0000938								16537363	f		gcesareni	Indicating that akt positively regulates shh signaling by controlling pka-mediated gli inactivation.	SIGNOR-252490	0.249	
AKT1	protein	P31749	UNIPROT	PRKAA1	protein	Q13131	UNIPROT	down-regulates activity	phosphorylation			-1									16340011	t		gcesareni	It is proposed that the effect of insulin to antagonize AMP-activated protein kinase activation involves a hierarchical mechanism whereby Ser 485/Ser 491 phosphorylation by protein kinase B reduces subsequent phosphorylation of Thr 172 by LKB1 and the resulting activation of AMP-activated protein kinase.	SIGNOR-252739	0.289	
AKT1	protein	P31749	UNIPROT	RARA	protein	P10276	UNIPROT	down-regulates	phosphorylation	Ser96	FVCQDKSsGYHYGVS	9606	BTO:0000551								16417524	t		miannu	We report that akt, which is constitutively activated in nsclc cells, phosphorylates raralpha and inhibits its transactivation. / mutation of ser96 to alanine abrogated the suppressive effect of akt.	SIGNOR-252489	0.616	
Caspase 3 complex	complex	SIGNOR-C221	SIGNOR	AKT1	protein	P31749	UNIPROT	down-regulates activity	cleavage			-1									10579725	t		lperfetto	P53 can inhibit the survival function of integrins by inducing the caspase-dependent cleavage and inactivation of the serine/threonine kinase akt/pkb;the involvement of caspase 3 in akt/pkb regulation was indicated by the ability of z-devd-fmk, a caspase 3 inhibitor, to block the alpha6beta4-associated reduction in akt/pkb levels in vivo, and by the ability of recombinant caspase 3 to promote the cleavage of akt/pkb in vitro	SIGNOR-256447	0.59	
AKT1	protein	P31749	UNIPROT	SMAD3	protein	P84022	UNIPROT	down-regulates	binding			9606									15048128	t		gcesareni	Pkb inhibits smad3 by preventing its phosphorylation, binding to smad4 and nuclear translocation. [...] Regulation of smad3 by pkb occurs through a kinase-activity-independent mechanism, resulting in a decrease in smad3-mediated transcription and protection of cells against tgf-beta-induced apoptosis.	SIGNOR-123606	0.608	
PP1	proteinfamily	SIGNOR-PF54	SIGNOR	AKT1	protein	P31749	UNIPROT	down-regulates activity	dephosphorylation	Ser473	RPHFPQFsYSASGTA	9606	BTO:0002419								14633703	t		lperfetto	Here, we identify PP1 as a serine/threonine phosphatase that associates with and dephosphorylates AKT in breast cancer cells|The heat shock protein 90 inhibitor geldanamycin and the ErbB inhibitor ZD1839 promote rapid PP1 phosphatase-dependent inactivation of AKT in ErbB2 overexpressing breast cancer cells	SIGNOR-264658	0.2	
AKT1	protein	P31749	UNIPROT	STK4	protein	Q13043	UNIPROT	down-regulates	phosphorylation	Thr387	TMKRRDEtMQPAKPS	9606									23431053	t		gcesareni	Full activation of mst1 requires an activation cleavage that is prevented by the phosphorylation of thr-387 by akt.	SIGNOR-252537	0.389	
AKT1	protein	P31749	UNIPROT	FOXO4	protein	P98177	UNIPROT	down-regulates activity	phosphorylation	Ser262	TFRPRSSsNASSVST	10090	BTO:0004245								10217147	t			Here we show that protein kinase B phosphorylates AFX, a human orthologue of daf -16 (refs 5, 6, 9), both in vitro and in vivo.	SIGNOR-252569	0.775	
AKT1	protein	P31749	UNIPROT	ADRB2	protein	P07550	UNIPROT	down-regulates	phosphorylation	Ser346	LLCLRRSsLKAYGNG	9606									11809767	t		lperfetto	Akt mediates sequestration of the beta(2)-adrenergic receptor in response to insulin. Phosphorylation studies of the c-terminal cytoplasmic domain of the beta(2)-adrenergic receptor by akt in vitro identified ser(345) and ser(346) within a consensus motif for akt phosphorylation.	SIGNOR-252470	0.35	
AKT1	protein	P31749	UNIPROT	FOXO4	protein	P98177	UNIPROT	down-regulates	phosphorylation	Ser197	APRRRAAsMDSSSKL	9606									16272144	t		lperfetto	Foxo4 transcription factor, also referred to afx, contains three putative phosphorylation motif sites for protein kinase b (pkb), thr32, ser197, and ser262, and it is proposed that phosphorylated foxo4 stays in the cytosol and is imported to the nucleus through dephosphorylation to induce target gene expression	SIGNOR-252484	0.775	
AKT1	protein	P31749	UNIPROT	ALYREF	protein	Q86V81	UNIPROT	up-regulates	phosphorylation	Thr219	GGGTRRGtRGGARGR	9606									18562279	t		llicata	Nuclear akt directly binds aly and phosphorylates it on the t219 residue.  gfp-aly t219d displayed comparable activity to gfp control and wild-type aly, indicating that aly phosphorylation by akt is sufficient to enhance mrna export.	SIGNOR-252518	0.44	
AKT1	protein	P31749	UNIPROT	CYCS	protein	P99999	UNIPROT	down-regulates activity	phosphorylation	Tyr47	KTGQAPGySYTAANK	-1									32781572	t		miannu	Finally, we propose that pro-survival kinase Akt (protein kinase B) is a likely mediator of the S47 phosphorylation of Cytc in the brain.	SIGNOR-277237	0.46	
PI3K	complex	SIGNOR-C156	SIGNOR	AKT1	protein	P31749	UNIPROT	up-regulates activity				9606		BTO:0000586							16293724	f		lperfetto	We show that PGE2 stimulates colon cancer cell growth through its heterotrimeric guanine nucleotide-binding protein;G protein)-coupled receptor, EP2, by a signaling route that involves the activation of phosphoinositide 3-kinase and the protein kinase Akt	SIGNOR-252711	0.803	
AKT1	protein	P31749	UNIPROT	MITF	protein	O75030	UNIPROT	down-regulates quantity by destabilization	phosphorylation	Ser516	KTSSRRSsMSMEETE	9606	BTO:0002181								27702651	t		miannu	We found that AKT phosphorylates MITF at S510. Phosphorylated MITF S510 enhances its affinity to TP53 and promotes CDKN1A expression. Phosphorylation of MITF by AKT induces its degradation	SIGNOR-277281	0.435	
AKT1	protein	P31749	UNIPROT	RAF1	protein	P04049	UNIPROT	down-regulates	phosphorylation	Ser259	SQRQRSTsTPNVHMV	9606	BTO:0000222	BTO:0000887;BTO:0001760							10576741	t		gcesareni	Akt and protein kinase a (pka) phosphorylate s259 on raf-1 and inhibit its activity.	SIGNOR-252588	0.71	
GSK3A	protein	P49840	UNIPROT	AKT1	protein	P31749	UNIPROT	down-regulates activity	phosphorylation	Thr312	TMKTFCGtPEYLAPE	10090	BTO:0005655								23142783	t		gcesareni	GSK3_ negatively regulates AKT activation by phosphorylating AKT at T312 in the substrate binding site, which inhibited IL-1-induced AKT activation and function.	SIGNOR-252434	0.649	
AKT1	protein	P31749	UNIPROT	MAP3K8	protein	P41279	UNIPROT	up-regulates activity	phosphorylation	Ser413	LERKRLLsRKELELP	9606	BTO:0000007								12138205	t			Akt-dependent phosphorylation of Cot occurs exclusively on serines 400 and 413.  Akt to phosphorylate Cot at two sites in the carboxy-terminal domain, at least one of which may promote binding of substrates or coactivators to Cot, or alternatively may relieve binding of a negative regulator.	SIGNOR-252572	0.574	
CASP3	protein	P42574	UNIPROT	AKT1	protein	P31749	UNIPROT	down-regulates activity	cleavage			-1									10579725	t		lperfetto	P53 can inhibit the survival function of integrins by inducing the caspase-dependent cleavage and inactivation of the serine/threonine kinase akt/pkb;the involvement of caspase 3 in akt/pkb regulation was indicated by the ability of z-devd-fmk, a caspase 3 inhibitor, to block the alpha6beta4-associated reduction in akt/pkb levels in vivo, and by the ability of recombinant caspase 3 to promote the cleavage of akt/pkb in vitro	SIGNOR-252624	0.59	
AKT1	protein	P31749	UNIPROT	NQO1	protein	P15559	UNIPROT	down-regulates quantity by destabilization	phosphorylation	Ser40	KGWEVVEsDLYAMNF	9606	BTO:0000007								31358653	t		miannu	Akt phosphorylates NQO1 on S40 and T128 residues. Here we show that Akt phosphorylates NQO1 at T128 residues and triggers its polyubiquitination and proteasomal degradation, abrogating its antioxidative effects in PD. Akt binds NQO1 in a phosphorylation-dependent manner. Interestingly, Akt, but not PINK1, provokes NQO1 phosphorylation and polyubiquitination with Parkin as an E3 ligase. 	SIGNOR-276868	0.366	
AKT1	protein	P31749	UNIPROT	GSK3B	protein	P49841	UNIPROT	down-regulates activity	phosphorylation	Ser9	SGRPRTTsFAESCKP	9606									23552696	t		lperfetto	Active AKT, a common mediator of cell survival signals induced by radiation through multiple intracellular signaling pathways,11, 12 suppresses apoptosis. AKT positively regulates cyclin D1 expression through inactivation of glycogen synthase kinase 3beta (GSK3B). The AKT-mediated phosphorylation of glycogen synthase kinase 3b on serine9 decreases its kinase activity for Thr286 of cyclin D1, which inhibits the nuclear export and the cytoplasmic proteasomal degradation of cyclin D1	SIGNOR-245416	0.797	
AKT1	protein	P31749	UNIPROT	Fibrosis	phenotype	SIGNOR-PH90	SIGNOR	up-regulates				9606									18483217	f			PDGF signaling has been implicated in several fibrotic conditions and is assumed to play a role in driving proliferation of cells with a myofibroblast phenotype.	SIGNOR-254371	0.7	
AKT1	protein	P31749	UNIPROT	IKK-complex	complex	SIGNOR-C14	SIGNOR	up-regulates	phosphorylation			9606	BTO:0001454								19609947	t		lperfetto	Although there are likely to be multiple levels of crosstalk between the pi3k-akt and nf-kb pathways, one mechanism has been attributed to direct phosphorylation of the amino acid residue t23 on ikb kinase alfa (ikkalfa) by akt, thereby leading to activation of this kinase upstream of nf-kb akt mediates ikkalpha phosphorylation at threonine 23 akt transiently associates in vivo with ikk and induces ikk activation. Akt mediates ikkalfa phosphorylation at threonine 23.Akt phosphorylates ikkalpha on t23, and this phosphorylation event is a prerequisite for the phosphorylation of p65 at s534 by ikkalpha and beta	SIGNOR-217460	0.67	
AKT1	protein	P31749	UNIPROT	BAD	protein	Q92934	UNIPROT	down-regulates activity	phosphorylation	Ser118	GRELRRMsDEFVDSF	9606	BTO:0000938								9346240	t		lperfetto	Experiments in this study reveal that akt phosphorylates bad both in vitro and in vivo and that akt-mediated phosphorylation of bad effectively blocks bad induced cell death.[...] In addition, these findings implicate a particular phosphorylation site on bad, serine 136, in the suppression of bad-mediated death by akt.[...]The Phosphorylation of bad may lead to the prevention of cell death via a mechanism that involves the selective association of the phosphorylated forms of bad with 14-3-3 protein isoforms. Akt phosphorylates bad in vitro and in vivo we show that growth factor activation of the pi3'k/akt signaling pathway culminates in the phosphorylation of the bcl-2 family member bad, thereby suppressing apoptosis and promoting cell survival. Akt phosphorylates bad in vitro and in vivo erbb-mediated phosphorylation of bad by akt promotes survival by blocking the interaction of this pro-apoptotic molecule with bcl-2 and bcl-x proteins	SIGNOR-52859	0.83	
AKT1	protein	P31749	UNIPROT	PDE3B	protein	Q13370	UNIPROT	up-regulates activity	phosphorylation	Ser295	VIRPRRRsSCVSLGE	10090	BTO:0000944								10454575	t			PDE3B is a physiological substrate of Akt and that Akt-mediated phosphorylation of PDE3B on serine-273 is important for insulin-induced activation of PDE3B	SIGNOR-252573	0.697	
AKT1	protein	P31749	UNIPROT	mTORC1	complex	SIGNOR-C3	SIGNOR	up-regulates activity	phosphorylation			9606									20138985	t		lperfetto	Pras40 is an insulin-regulated inhibitor of the mtorc1 protein kinase. Insulin stimulates akt/pkb-mediated phosphorylation of pras40, which prevents its inhibition of mtorc1 in cells and in vitro. Phosphorylation of pras40 on thr246 by pkb/akt facilitates efficient phosphorylation of ser183 by mtorc1.	SIGNOR-252539	0.743	
MTCP1	protein	P56278	UNIPROT	AKT1	protein	P31749	UNIPROT	up-regulates	binding			9606	BTO:0000782;BTO:0001271								10983986	t		miannu	Full-length tcl1 and its isoforms bind to akt / in in vitro kinase assays using gsk-3_ as a substrate, we found that the presence of any of the tcl1 family proteins (tcl1, mtcp1, or tcl1b) as gst fusion proteins significantly enhanced akt-induced gsk-3_ phosphorylation	SIGNOR-81671	0.493	
AKT1	protein	P31749	UNIPROT	FOXO1	protein	Q12778	UNIPROT	down-regulates	relocalization			10090	BTO:0002572								18423396	t		lperfetto	Akt1/PKBalpha was found to be the major regulator of phosphorylation and nuclear export of FoxO1, whose presence in the nucleus strongly attenuates adipocyte differentiation.	SIGNOR-236209	0.876	
AKT1	protein	P31749	UNIPROT	PTK2	protein	Q05397	UNIPROT	up-regulates activity	phosphorylation	Ser601	INFRRFTsASDVWMF	9606									31138602	t		miannuccelli	In mouse embryonic fibroblasts, AKT1 phosphorylates S695 and T700 on FAK ( xref ) and in human colon cancer cells AKT1 phosphorylates S517, S601, and S695 on FAK ( xref , xref ).|This suggests that further activation of FAK by AKT1 ( beyond that of Pten loss alone ) is required to promote FA turnover , increase tumor invasion , and ultimately elicit brain metastasis .	SIGNOR-279775	0.421	
PPP1CA	protein	P62136	UNIPROT	AKT1	protein	P31749	UNIPROT	down-regulates activity	dephosphorylation	Ser473	RPHFPQFsYSASGTA	9606	BTO:0002419								14633703	t			Here, we identify PP1 as a serine/threonine phosphatase that associates with and dephosphorylates AKT in breast cancer cells|The heat shock protein 90 inhibitor geldanamycin and the ErbB inhibitor ZD1839 promote rapid PP1 phosphatase-dependent inactivation of AKT in ErbB2 overexpressing breast cancer cells	SIGNOR-252603	0.416	
AKT1	protein	P31749	UNIPROT	PTK2	protein	Q05397	UNIPROT	up-regulates activity	phosphorylation	Ser695	EERMRMEsRRQATVS	9606									31138602	t		miannuccelli	In mouse embryonic fibroblasts, AKT1 phosphorylates S695 and T700 on FAK ( xref ) and in human colon cancer cells AKT1 phosphorylates S517, S601, and S695 on FAK ( xref , xref ).|This suggests that further activation of FAK by AKT1 ( beyond that of Pten loss alone ) is required to promote FA turnover , increase tumor invasion , and ultimately elicit brain metastasis .	SIGNOR-279776	0.421	
PPP1CB	protein	P62140	UNIPROT	AKT1	protein	P31749	UNIPROT	down-regulates activity	dephosphorylation	Ser473	RPHFPQFsYSASGTA	9606									14633703	t			Here, we identify PP1 as a serine/threonine phosphatase that associates with and dephosphorylates AKT in breast cancer cells|The heat shock protein 90 inhibitor geldanamycin and the ErbB inhibitor ZD1839 promote rapid PP1 phosphatase-dependent inactivation of AKT in ErbB2 overexpressing breast cancer cells	SIGNOR-252604	0.378	
AKT1	protein	P31749	UNIPROT	CDKN1B	protein	P46527	UNIPROT	down-regulates	phosphorylation	Thr157	GIRKRPAtDDSSTQN	9606									18570873	t		gcesareni	Mtor may promote g1 progression in part through sgk1 activation and deregulate the cell cycle in cancers through both akt- and sgk-mediated p27 t157 phosphorylation and cytoplasmic p27 mislocalization.	SIGNOR-179109	0.857	
AKT1	protein	P31749	UNIPROT	TIFA	protein	Q96CG3	UNIPROT	up-regulates activity	phosphorylation	Thr9	TSFEDADtEETVTCL	9606	BTO:0000007								27965388	t		miannu	For the activation of signal 2, Akt is involved in TIFA Thr9 phosphorylation, which is essential for TIFA-TIFA homophilic oligomerization. Thr9 phosphorylation-dependent TIFA oligomerization facilitates the higher-order assembly of NLRP3 inflammasome, as indicated by the interaction between TIFA and caspase-1 in the activated ECs.	SIGNOR-273542	0.2	
PPP2R2A	protein	P63151	UNIPROT	AKT1	protein	P31749	UNIPROT	down-regulates activity	binding			10090									18042541	t		gcesareni	Regulation of phosphorylation of Thr-308 of Akt, cell proliferation, and survival by the B55alpha regulatory subunit targeting of the protein phosphatase 2A holoenzyme to Akt.|Phosphorylation of Akt at regulatory residues Thr-308 and Ser-473 leads to its full activation. The protein phosphatase 2A (PP2A) has long been known to negatively regulate Akt activity. The PP2A holoenzyme consists of the structural |Here we report the identification of the specific B regulatory subunit that targets the PP2A holoenzyme to Akt. We found endogenous association of PP2A AB55C holoenzymes with Akt by co-immunoprecipitation analyses in pro-lymphoid FL5.12 cells.subunit (A), catalytic subunit (C), and a variable regulatory subunit (B).	SIGNOR-252637	0.495	
AKT1	protein	P31749	UNIPROT	KDM5A	protein	P29375	UNIPROT	up-regulates activity	phosphorylation	Ser1255	CLTERAMsWQDRARQ	-1									27292631	t		miannu	We immunoprecipitated ectopically expressed wild-type KDM5A or KDM5Amut5A and performed an in vitro kinase assay using recombinant AKT1 in the presence or absence of AKT inhibition.Wild-type KDM5A is phosphorylated by AKT1 and this modification is sensitive to AKT inhibition, whereas KDM5Amut5A is not phosphorylated in the presence of AKT1 (Figure 3C).These results suggest that AKT-mediated KDM5A phosphorylation enhances KDM5A promoter recruitment.	SIGNOR-274059	0.3	
AKT1	protein	P31749	UNIPROT	PPARGC1A	protein	Q9UBK2	UNIPROT	down-regulates activity	phosphorylation	Ser571	RMRSRSRsFSRHRSC	9606		BTO:0000759							17554339	t		lperfetto	Here we describe a mechanism by which insulin, through the intermediary protein kinase akt2/protein kinase b (pkb)-beta, elicits the phosphorylation and inhibition of the transcriptional coactivator peroxisome proliferator-activated receptor-coactivator 1alpha (pgc-1alpha), a global regulator of hepatic metabolism during fasting / phosphorylation of pgc-1alpha At ser570 Is required for akt to inhibit recruitment of pgc-1alpha To chromatin.	SIGNOR-252502	0.439	
AKT1	protein	P31749	UNIPROT	FOXO4	protein	P98177	UNIPROT	down-regulates	phosphorylation	Thr32	QSRPRSCtWPLPRPE	9606									16272144	t		lperfetto	Foxo4 transcription factor, also referred to afx, contains three putative phosphorylation motif sites for protein kinase b (pkb), thr32, ser197, and ser262, and it is proposed that phosphorylated foxo4 stays in the cytosol and is imported to the nucleus through dephosphorylation to induce target gene expression	SIGNOR-252486	0.775	
AKT1	protein	P31749	UNIPROT	NHEJ1	protein	Q9H9Q4	UNIPROT	down-regulates quantity by destabilization	phosphorylation	Thr181	LIRDRLKtEPFEENS	9606	BTO:0000567								25661488	t		miannu	Akt1 phosphorylates XLF at T181  Here, we report that Akt phosphorylates XLF at Thr181 to trigger its dissociation from the DNA ligase IV/XRCC4 complex, and promotes its interaction with 14-3-3β leading to XLF cytoplasmic retention, where cytosolic XLF is subsequently degraded by SCF(β-TRCP) in a CKI-dependent manner. 	SIGNOR-276881	0.355	
AKT1	protein	P31749	UNIPROT	EP300	protein	Q09472	UNIPROT	up-regulates	phosphorylation			9606		BTO:0000887		SIGNOR-C7					17964260	t		gcesareni	Akt1 and 2 promote the association of myod with p300 and pcaf acetyltransferases, via direct phosphorylation of p300.	SIGNOR-158624	0.71	
AKT1	protein	P31749	UNIPROT	BECN1	protein	Q14457	UNIPROT	down-regulates activity	phosphorylation	Ser234	AQYQREYsEFKRQQL	9606									31852899	t		miannu	In addition, pharmacological inhibition of AKT1 enhanced BECN1 stability in both assays, leaving about twice the amount of BECN1 at 90 min compared to control (Fig. 4i\u2013l).|The oncogenic kinase AKT1 phosphorylates BECN1 at positions S234, S295, which leads to sequestration of this peripheral membrane binding protein  xref  to the cytoskeleton with the result of inhibition of autophagy  xref  .	SIGNOR-279666	0.553	
SENP1	protein	Q9P0U3	UNIPROT	AKT1	protein	P31749	UNIPROT	down-regulates quantity by destabilization	desumoylation	Lys276	NVVYRDLkLENLMLD	10090	BTO:0002572								23884910	t		gcesareni	Although multiple sites on Akt could be SUMOylated, K276 was identified as a major SUMO acceptor site. K276R or E278A mutation reduced SUMOylation of Akt but had little effect on its ubiquitination. Strikingly, these mutations also completely abolished Akt kinase activity. In support of these results, we found that expression of PIAS1 and SUMO1 increased Akt activity, whereas expression of SENP1 reduced Akt1 activity.	SIGNOR-252736	0.278	
AKT1	protein	P31749	UNIPROT	MXD1	protein	Q05195	UNIPROT	down-regulates	phosphorylation	Ser145	IERIRMDsIGSTVSS	9606									19526459	t		llicata	Here, we present evidence that akt inhibits mad1-mediated transcription repression by physical interaction with and phosphorylation of mad1.	SIGNOR-252525	0.355	
AKT1	protein	P31749	UNIPROT	SKP2	protein	Q13309	UNIPROT	down-regulates activity	phosphorylation	Ser72	PPRKRLKsKGSDKDF	9606									19270695	t		miannu	We further show that Akt1 phosphorylates Skp2 at Ser72, which is required to disrupt the interaction between Cdh1 and Skp2.	SIGNOR-278274	0.505	
AKT1	protein	P31749	UNIPROT	FOXO4	protein	P98177	UNIPROT	down-regulates	phosphorylation			9606									21620960	t		gcesareni	Akt phosphorylates members of the foxo factors (forkhead family of transcription factors), leading to binding of 14-3-3 proteins and cytoplasmic localisation. In particular, akt phosphorylates foxo1 on thr24, ser256 and ser319. Foxo 3alfa and foxo4 are phosphorylated on equivalent sites. In addition, phosphorylation of afx by protein kinase b inhibits its transcriptional activity.	SIGNOR-252515	0.775	
TRIM13	protein	O60858	UNIPROT	AKT1	protein	P31749	UNIPROT	down-regulates quantity by destabilization	polyubiquitination			9606	BTO:0000007								21333377	t		miannu	Here, we demonstrate that overexpression of RFP2 in cells induced apoptosis through proteasomal degradation of MDM2 and AKT.  We observed that RFP2 formed a complex with MDM2, a negative regulator of the p53 tumor suppressor, and AKT, a regulator of apoptosis inhibition at the cellular level. Additionally, we found that the interaction of RFP2 with MDM2 and AKT resulted in ubiquitination and proteasomal degradation of MDM2 and AKT in vivo and in vitro. 	SIGNOR-271852	0.345	
AKT1	protein	P31749	UNIPROT	ILF3	protein	Q12906	UNIPROT	up-regulates activity	phosphorylation	Ser647	RGRGRGGsIRGRGRG	9606									20870937	t		llicata	Upon T cell activation, NF90 translocates from the nucleus into the cytoplasm, where it binds to the AU-rich element-containing 3' untranslated regions of IL-2 mRNA and stabilizes it.|Our previous work showed that CD28 costimulation of T cells activated AKT to phosphorylate NF90 at Ser647 and caused NF90 to undergo nuclear export and stabilize IL-2 mRNA. 	SIGNOR-252512	0.363	
AKT1	protein	P31749	UNIPROT	SH2B2	protein	O14492	UNIPROT	up-regulates activity	phosphorylation	Ser598	SARSRSNsAERLLEA	10090									16141217	t		gcesareni	This study identifies APS as a novel physiological substrate for PKB and the first serine phosphorylation site on APS	SIGNOR-252557	0.391	
AKT1	protein	P31749	UNIPROT	NQO1	protein	P15559	UNIPROT	down-regulates quantity by destabilization	phosphorylation	Thr128	FIGEFAYtYAAMYDK	9606	BTO:0000007								31358653	t		miannu	Akt phosphorylates NQO1 on S40 and T128 residues. Here we show that Akt phosphorylates NQO1 at T128 residues and triggers its polyubiquitination and proteasomal degradation, abrogating its antioxidative effects in PD. Akt binds NQO1 in a phosphorylation-dependent manner. Interestingly, Akt, but not PINK1, provokes NQO1 phosphorylation and polyubiquitination with Parkin as an E3 ligase. 	SIGNOR-276869	0.366	
mTORC2	complex	SIGNOR-C2	SIGNOR	AKT1	protein	P31749	UNIPROT	up-regulates activity	phosphorylation	Ser473	RPHFPQFsYSASGTA	9606	BTO:0000182;BTO:0000018								15718470	t		lperfetto	The rictor-mtor complex directly phosphorylated akt/pkb on ser473 in vitro and facilitated thr308 phosphorylation by pdk1	SIGNOR-252600	0.654	
AKT1	protein	P31749	UNIPROT	NPM1	protein	P06748	UNIPROT	down-regulates activity	phosphorylation	Ser48	QLSLRTVsLGAGAKD	9606	BTO:0001345								25071014	t		miannu	We find that AKT phosphorylation of NPM-Ser48 prevents oligomerization that results in nucleoplasmic localization of ARF, constitutive MDM2 inhibition and stabilization of p53.	SIGNOR-276667	0.523	
AKT1	protein	P31749	UNIPROT	BAD	protein	Q92934	UNIPROT	down-regulates activity	phosphorylation	Ser75	EIRSRHSsYPAGTED	9606	BTO:0000007								9381178	t			Active Akt induced a significant increase in BAD phosphorylation.  mutant BAD with alanine substitutions at Ser112 and Ser136 was not phosphorylated by active Akt .  phosphorylation of BAD by Akt will preclude its binding to membrane-anchored Bcl-xL, leading to increased cell survival.	SIGNOR-252562	0.83	
AKT1	protein	P31749	UNIPROT	BECN1	protein	Q14457	UNIPROT	down-regulates activity	phosphorylation	Ser295	FRLGRLPsVPVEWNE	9606									31852899	t		miannu	In addition, pharmacological inhibition of AKT1 enhanced BECN1 stability in both assays, leaving about twice the amount of BECN1 at 90 min compared to control (Fig. 4i\u2013l).|The oncogenic kinase AKT1 phosphorylates BECN1 at positions S234, S295, which leads to sequestration of this peripheral membrane binding protein7 to the cytoskeleton with the result of inhibition of autophagy8.	SIGNOR-279667	0.553	
ID1	protein	P41134	UNIPROT	AKT1	protein	P31749	UNIPROT	up-regulates	binding			9606	BTO:0004136								26084673	t		apalma	We have determined that Id1 physically interacts with AKT1, through its C-terminal region, and promotes AKT1 phosphorylation;	SIGNOR-255658	0.331	
AKT1	protein	P31749	UNIPROT	PIKFYVE	protein	Q9Y2I7	UNIPROT	up-regulates	phosphorylation	Ser307	PARNRSAsITNLSLD	9606		BTO:0000887							15546921	t		gcesareni	Here we report that serine318 on the fyve domain-containing ptdins3p 5-kinase (pikfyve) is a novel substrate for pkb, and show that phosphorylation stimulates the ptdins3p 5-kinase activity of the enzyme.	SIGNOR-252474	0.485	
AKT1	protein	P31749	UNIPROT	YBX1	protein	P67809	UNIPROT	up-regulates	phosphorylation	Ser102	NPRKYLRsVGDGETV	9606	BTO:0000150								15806160	t		lperfetto	Phosphorylation of yb-1 at the serine 102 residue is required for transcriptional activation of growth-enhancing genes, such as egfr. Herein, we illustrate that activated akt binds to and phosphorylates the yb-1 cold shock domain at ser102	SIGNOR-252475	0.547	
AKT1	protein	P31749	UNIPROT	SKI	protein	P12755	UNIPROT	down-regulates	phosphorylation	Thr458	QPRKRKLtVDTPGAP	9606									19875456	t		llicata	The phosphorylation of ski at threonine 458 is induced by akt pathway activators including insulin, insulin-like growth factor-1, and hepatocyte growth factor. The phosphorylation of ski causes its destabilization and reduces ski-mediated inhibition of expression of another negative regulator of tgf-beta, smad7	SIGNOR-252527	0.33	
3-[1-[[4-(7-phenyl-3H-imidazo[4,5-g]quinoxalin-6-yl)phenyl]methyl]-4-piperidinyl]-1H-benzimidazol-2-one	chemical	CHEBI:91346	ChEBI	AKT1	protein	P31749	UNIPROT	down-regulates activity	chemical inhibition			9606	BTO:0000782								25336630	t		miannu	 stimulations were performed in the presence or absence of Akt inhibitor VIII, which selectively inhibits Akt1/Akt2 activity. 	SIGNOR-262227	0.8	
AKT1	protein	P31749	UNIPROT	PALLD	protein	Q8WX93	UNIPROT	unknown	phosphorylation	Ser1118	VRRPRSRsRDSGDEN	9606									20471940	t		llicata	Akt1, but not akt2, phosphorylates palladin at ser507 in a domain that is critical for f-actin bundling.	SIGNOR-252510	0.402	
AKT1	protein	P31749	UNIPROT	MDM2	protein	Q00987	UNIPROT	up-regulates quantity by stabilization	phosphorylation	Ser166	SSRRRAIsETEENSD	9606									11504915	t		lperfetto	Mitogen-induced activation of phosphatidylinositol 3-kinase (pi3-kinase) and its downstream target, the akt/pkb serine-threonine kinase, results in phosphorylation of mdm2 on serine 166 and serine 186. Phosphorylation on these sites is necessary for translocation of mdm2 from the cytoplasm into the nucleus.Both akt expression and serum treatment induced phosphorylation of mdm2 at ser186.	SIGNOR-116270	0.818	
PDPK1	protein	O15530	UNIPROT	AKT1	protein	P31749	UNIPROT	up-regulates	phosphorylation	Thr308	KDGATMKtFCGTPEY	9606							phosphorylation:Ser473	RPHFPQFsYSASGTA	12167717	t		gcesareni	Together, these results suggest a mechanism in which 3' phosphoinositide lipid-dependent translocation of pkb to the plasma membrane promotes serine 473 phosphorylation, which is, in turn, necessary for pdk1-mediated phosphorylation of threonine 308 and, consequentially, full pkb activation.	SIGNOR-91354	0.753	
CyclinA2/CDK2	complex	SIGNOR-C83	SIGNOR	AKT1	protein	P31749	UNIPROT	up-regulates activity	phosphorylation	Ser477	PQFSYSAsGTA	9606	BTO:0000093								24670654	t		gcesareni	Phosphorylation of S477 and T479 at the Akt extreme carboxy terminus by cyclin-dependent kinase 2 (Cdk2)/cyclin A or mTORC2, under distinct physiological conditions, promotes Akt activation through facilitating, or functionally compensating for, S473 phosphorylation	SIGNOR-252440	0.409	
AKT1	protein	P31749	UNIPROT	HSF1	protein	Q00613	UNIPROT	up-regulates activity	phosphorylation	Ser326	SSVDTLLsPTALIDS	9606									35080342	t		miannu	AKT1 and AKT2 phosphorylate HSF1 at S326 but only AKT1 activates HSF1.|Mass spectrometry showed that AKT1 also phosphorylated HSF1 at T142, S230 and T527 in addition to S326, whereas the other kinases did not.	SIGNOR-278374	0.4	
PHLPP1	protein	O60346	UNIPROT	AKT1	protein	P31749	UNIPROT	down-regulates	dephosphorylation	Ser473	RPHFPQFsYSASGTA	9606	BTO:0000527								15808505	t		gcesareni	Here, we identify a protein_ phosphatase, ph domain leucine-rich repeat protein_ phosphatase_ (phlpp), that specifically_ dephosphorylates_ the hydrophobic motif of_ akt_ (ser473 in akt1), triggering_ apoptosis_ and suppressing_ tumor_ growth.	SIGNOR-252601	0.772	
AKT1	protein	P31749	UNIPROT	FOXO	proteinfamily	SIGNOR-PF27	SIGNOR	down-regulates activity	phosphorylation	Thr32	QSRPRSCtWPLQRPE	9606	BTO:0000150;BTO:0001130;BTO:0001271;BTO:0000527								19188143	t		lperfetto	Akt-dependent phosphorylation of foxo3a (thr32, ser253, and ser315 for human foxo3) enhances foxo3a/14-3-3 Interaction and promotes foxo3a nuclear export to the cytoplasm, resulting in the repression of foxo3a transcriptional function	SIGNOR-252848	0.915	
INPP4B	protein	O15327	UNIPROT	AKT1	protein	P31749	UNIPROT	down-regulates activity	dephosphorylation			9606									24070612	t		miannu	Further, we show that INPP4B but not PTEN is able to reduce tyrosine phosphorylation of Akt1 and both the lipid and PTP activity of INPP4B likely contribute to the reduction of Akt1 phosphorylation.|Further, we show that INPP4B but not PTEN is able to reduce tyrosine phosphorylation of Akt1 and both the lipid and protein tyrosine phosphatase activity of INPP4B likely contribute to the reduction of Akt1 phosphorylation.	SIGNOR-277106	0.37	
PPP2R5B	protein	Q15173	UNIPROT	AKT1	protein	P31749	UNIPROT	down-regulates	dephosphorylation	Thr308	KDGATMKtFCGTPEY	9606									16495456	t		gcesareni	Activation of pp2a is the intermediate step between the abeta-ceramide cascade and the subsequent inactivation of akt.	SIGNOR-252615	0.675	
AKT1	protein	P31749	UNIPROT	Histone H3	proteinfamily	SIGNOR-PF69	SIGNOR	unknown	phosphorylation			9606									12588998	t		gcesareni	Additionally, active akt1 kinase strongly phosphorylates histone h3 at serine 10 in vitro	SIGNOR-265320	0.2	
AKT1	protein	P31749	UNIPROT	HSF1	protein	Q00613	UNIPROT	up-regulates activity	phosphorylation	Thr142	DSVTKLLtDVQLMKG	-1									35080342	t		miannu	Mass spectrometry showed that AKT1 also phosphorylated HSF1 at T142, S230 and T527 in addition to S326, whereas the other kinases did not. Subsequent investigation revealed that phosphorylation at T142 is necessary for HSF1 trimerization and that S230, S326 and T527 are required for HSF1 gene transactivation and recruitment of TFIIB and CDK9.	SIGNOR-277579	0.4	
AKT1	protein	P31749	UNIPROT	TARBP2	protein	Q15633	UNIPROT	up-regulates activity	phosphorylation	Ser283	ILSLRSCsLGSLGAL	-1									27407113	t		miannu	We demonstrate that S6 kinases can phosphorylate the extended C-terminal domain of TRBP and interact with TRBP in situ in primary cells. TRBP serines 283/286 are essential for S6K-mediated TRBP phosphorylation, optimal expression of TRBP, and the S6K-TRBP interaction in human primary cells. In vitro kinase assays demonstrated that TRBP-D3 can be phosphorylated by S6K1, S6K2, but also AKT1 (Figure ​(Figure1C),1C), 	SIGNOR-274064	0.2	
AKT1	protein	P31749	UNIPROT	RUNX2	protein	Q13950	UNIPROT	down-regulates activity	phosphorylation			9606									23389849	t		miannu	Here we show that Akt kinase directly phosphorylates Runx2 to regulate invasive properties of breast cancer cells.	SIGNOR-280176	0.441	
AKT1	protein	P31749	UNIPROT	ZRANB1	protein	Q9UGI0	UNIPROT	up-regulates activity	phosphorylation	Ser78	SARPRVKsSYSMENA	9606	BTO:0000007								29748601	t		miannu	Our findings also identify an essential role for activation of Trabid by AKT-mediated phosphorylation at Ser78/Thr117 in negatively regulating Twist1 signaling, which further provides insights into the mechanisms by which Trabid regulates Twist1 ubiquitination.	SIGNOR-273483	0.2	
AKT1	protein	P31749	UNIPROT	CASP9	protein	P55211	UNIPROT	down-regulates activity	phosphorylation	Ser196	KLRRRFSsLHFMVEV	9606	BTO:0000938								10529400	t		lperfetto	Akt phosphorylation site found in human caspase-9 is absent in mouse caspase-9BAD phosphorylation by Akt is an essential step for growth factor-mediated inhibition of caspase activation	SIGNOR-252585	0.787	
AKT1	protein	P31749	UNIPROT	CDKN1B	protein	P46527	UNIPROT	down-regulates	phosphorylation			9606									14967450	t		gcesareni	Furthermore, akt promotes cell cycle progression through downregulation of the cyclin dependent kinase inhibitor p27kip1.	SIGNOR-121944	0.857	
AKT1	protein	P31749	UNIPROT	CDKN1B	protein	P46527	UNIPROT	down-regulates	binding			9606									23400686	t		gcesareni	Furthermore, akt promotes cell cycle progression through downregulation of the cyclin dependent kinase inhibitor p27kip1.	SIGNOR-252534	0.857	
AKT1	protein	P31749	UNIPROT	HSF1	protein	Q00613	UNIPROT	up-regulates activity	phosphorylation	Thr527	PPKAKDPtVS	-1									35080342	t		miannu	Mass spectrometry showed that AKT1 also phosphorylated HSF1 at T142, S230 and T527 in addition to S326, whereas the other kinases did not. Subsequent investigation revealed that phosphorylation at T142 is necessary for HSF1 trimerization and that S230, S326 and T527 are required for HSF1 gene transactivation and recruitment of TFIIB and CDK9.	SIGNOR-277578	0.4	
AKT1	protein	P31749	UNIPROT	SIRT6	protein	Q8N6T7	UNIPROT	down-regulates activity	phosphorylation	Ser338	PKRERPTsPAPHRPP	9606									25074979	t		miannu	AKT1 interacts with and phosphorylates SIRT6 on Ser 338.|Because AKT1 suppresses SIRT6 protein abundance by decreasing its stability, we investigated whether MDM2 is involved in this process.	SIGNOR-278465	0.521	
AKT1	protein	P31749	UNIPROT	BLVRA	protein	P53004	UNIPROT	up-regulates activity	phosphorylation	Ser230	LKRNRYLsFHFKSGS										15870194	t		lperfetto	Site-directed mutagenesis, mass spectrometry, and kinetic analyses identified S(230) in hBVR (225)RNRYLSF sequence as the Akt1 target.	SIGNOR-275517	0.294	
AKT1	protein	P31749	UNIPROT	STK4	protein	Q13043	UNIPROT	down-regulates	phosphorylation	Thr120	IIRLRNKtLTEDEIA	9606									19940129	t		llicata	Akt interacts with mst1 and phosphorylates a highly conserved residue threonine 120 of mst1, which leads to inhibition of its kinase activity and nuclear translocation as well as the autophosphorylation of thr(183).	SIGNOR-252507	0.389	
SIRT1	protein	Q96EB6	UNIPROT	AKT1	protein	P31749	UNIPROT	up-regulates activity	deacetylation	Lys14	VKEGWLHkRGEYIKT	10090		BTO:0000562							21775285	t		gcesareni	We show that Akt and PDK1 are acetylated at lysine residues in their pleckstrin homology domains, which mediate PIP(3) binding. Acetylation blocked binding of Akt and PDK1 to PIP(3), thereby preventing membrane localization and phosphorylation of Akt. Deacetylation by SIRT1 enhanced binding of Akt and PDK1 to PIP(3) and promoted their activation.	SIGNOR-252445	0.587	
MTOR	protein	P42345	UNIPROT	AKT1	protein	P31749	UNIPROT	up-regulates activity	phosphorylation	Ser473	RPHFPQFsYSASGTA	9606			SIGNOR-C2						21157483	t		lperfetto	Mammalian TOR complex 1 (mTORC1) and mTORC2 exert their actions by regulating other important kinases, such as S6 kinase (S6K) and Akt.Recent findings have revealed novel important roles for mTORC2 in the phosphorylation of AGC kinase family members. mTORC2 phosphorylates and activates Akt, SGK, and PKC, which regulate cell survival, cell cycle progression and anabolism	SIGNOR-170604	0.933	
AKT1	protein	P31749	UNIPROT	CABLES1	protein	Q8TDN4	UNIPROT	down-regulates activity	phosphorylation	Thr415	AFGARRNtIDSTSSF	-1									25361894	t		miannu	Here, we report that Cables1 levels are controlled by a phosphorylation and 14-3-3-dependent mechanism. Mutagenic analyses identified two residues, T44 and T150, that are specifically critical for 14-3-3 binding and that serve as substrates for phosphorylation by the cell survival kinase Akt, which by binding directly to Cables1 recruits 14-3-3 to the complex.Ectopic expression of activated Akt (AKT1) prevented Cables1-induced apoptosis.	SIGNOR-276757	0.337	
AKT1	protein	P31749	UNIPROT	LONP1	protein	P36776	UNIPROT	up-regulates activity	phosphorylation	Ser173	VFLKRDDsNESDVVE	9606	BTO:0001061								31406245	t		lperfetto	In mitochondria, LonP1 is phosphorylated by Akt on Ser173 and Ser181, enhancing its protease activity.	SIGNOR-265724	0.251	
AKT1	protein	P31749	UNIPROT	BRCA1	protein	P38398	UNIPROT	up-regulates	phosphorylation	Ser694	QTSKRHDsDTFPELK	9606									20085797	t		lperfetto	We identify a novel akt phosphorylation site in brca1 at s694 which is responsive to activation of these signaling pathways. These data suggest akt phosphorylation of brca1 increases total protein expression by preventing proteasomal degradation	SIGNOR-163472	0.496	
AKT1	protein	P31749	UNIPROT	AR	protein	P10275	UNIPROT	down-regulates	phosphorylation	Ser215	SGRAREAsGAPTSSK	9606	BTO:0000938								17470458	t		acerquone	The work presented here is the first demonstration that phosphorylation at s215 and s792 by akt regulates ligand binding, and the subcellular distribution of the receptor	SIGNOR-154631	0.574	
AKT1	protein	P31749	UNIPROT	NOS3	protein	P29474	UNIPROT	up-regulates	phosphorylation	Ser1177	TSRIRTQsFSLQERQ	9606									11729179	t		gcesareni	Recently many investigators have shown that protein phosphorylation of enos by several serine/threonine kinases is a critical control step for no production by endothelial cells. Phosphorylation by amp kinase, akt (or protein kinase b), or protein kinase a on serine 1179 (bovine) or serine 1177 (human) of enos leads to enhanced activity of the enzyme and, thus, augmented production of no.	SIGNOR-112363	0.883	
AKT1	protein	P31749	UNIPROT	FOXO	proteinfamily	SIGNOR-PF27	SIGNOR	down-regulates activity	phosphorylation	Ser253	APRRRAVsMDNSNKY	9606	BTO:0000150;BTO:0001130;BTO:0001271;BTO:0000527								19188143	t		lperfetto	Akt-dependent phosphorylation of foxo3a (thr32, ser253, and ser315 for human foxo3) enhances foxo3a/14?3?3 Interaction and promotes foxo3a nuclear export to the cytoplasm, resulting in the repression of foxo3a transcriptional function	SIGNOR-252849	0.915	
AKT1	protein	P31749	UNIPROT	GATA1	protein	P15976	UNIPROT	up-regulates	phosphorylation	Ser310	QTRNRKAsGKGKKKR	9606									16107690	t		llicata	We found that akt directly phosphorylates the transcription factor gata-1 at serine 310 and that this site-specific phosphorylation is required for the transcriptional activation of the timp-1 promoter.	SIGNOR-139782	0.503	
AKT1	protein	P31749	UNIPROT	WNK1	protein	Q9H4A3	UNIPROT	up-regulates	phosphorylation	Thr60	EYRRRRHtMDKDSRG	9606									16081417	t		llicata	Phosphorylation of wnk1 on thr-58 contributes to sgk1 activation.  these data suggest that activation of sgk1 by wnk1 requires the catalytic activity of akt.	SIGNOR-252481	0.385	
AKT1	protein	P31749	UNIPROT	PFKFB2	protein	O60825	UNIPROT	up-regulates activity	phosphorylation	Ser483	IRRPRNYsVGSRPLK	9606	BTO:0000567	BTO:0000562							12853467	t		lperfetto	These findings suggest that pkb-dependent binding of 14-3-3s to phospho-ser483 of cardiac pfk-2 mediates the stimulation of glycolysis by growth factor.	SIGNOR-252464	0.664	
AKT1	protein	P31749	UNIPROT	EIF4B	protein	P23588	UNIPROT	up-regulates	phosphorylation	Ser422	RERSRTGsESSQTGT	9606									18836482	t		gcesareni	Using an in vitro kinase assay, we found that pkb can directly phosphorylate eif4b on serine 422 (ser422). This was prevented by pretreatment of cells with the phosphatidylinositol 3-kinase (pi3k) inhibitor ly294002 or pharmacological inhibition of pkb. Phosphorylation regultes the activation of eukaryotic translation initiation factor 4b.	SIGNOR-252520	0.389	
PP2CA_R1A_R2A 	complex	SIGNOR-C132	SIGNOR	AKT1	protein	P31749	UNIPROT	down-regulates activity	dephosphorylation	Thr308	KDGATMKtFCGTPEY	10090	BTO:0000944								18042541	t		gcesareni	Regulation of phosphorylation of Thr-308 of Akt, cell proliferation, and survival by the B55alpha regulatory subunit targeting of the protein phosphatase 2A holoenzyme to Akt.|Phosphorylation of Akt at regulatory residues Thr-308 and Ser-473 leads to its full activation. The protein phosphatase 2A (PP2A) has long been known to negatively regulate Akt activity. The PP2A holoenzyme consists of the structural subunit (A), catalytic subunit (C), and a variable regulatory subunit (B).	SIGNOR-252613	0.689	
AKT1	protein	P31749	UNIPROT	FOXO1	protein	Q12778	UNIPROT	down-regulates quantity by destabilization	phosphorylation			9606									21440011	t		lperfetto	Phosphorylation of FoxOs by Akt inhibits transcriptional functions of FoxOs and contributes to cell survival, growth and proliferation.The PI3K/Akt signaling regulates cell proliferation and survival in part by phosphorylating FoxOs to promote their interaction with 14-3-3 protein that results in nuclear exclusion and eventual ubiquitin proteasome pathway (UPP)-dependent degradation of FoxOs	SIGNOR-209647	0.876	
AKT1	protein	P31749	UNIPROT	SCYL1	protein	Q96KG9	UNIPROT	up-regulates activity	phosphorylation	Thr469	STRHRVLtSAFSRAT	9606	BTO:0000567								24769208	t		lperfetto	In previous work, we demonstrated that TEIF (transcriptional element-interacting factor) distributes in the centrosomes and regulates centrosome status under both physiologic and pathologic conditions.|A consensus motif for Akt phosphorylation (RHRVLT) proved to be involved in centrosomal TEIF localization, and the 469-threonine of this motif may be phosphorylated by Akt both in vitro and in vivo. Elimination of this phosphorylated site on TEIF caused reduced centrosome distribution and centrosome splitting or amplification. 	SIGNOR-265496	0.254	
PHLPP2	protein	Q6ZVD8	UNIPROT	AKT1	protein	P31749	UNIPROT	down-regulates activity	dephosphorylation	Ser473	RPHFPQFsYSASGTA	9606	BTO:0001544								19261608	t			The Abl kinase inhibitors and depletion of Bcr-Abl induced the expression of PHLPP1 and PHLPP2, which dephosphorylated Ser-473 on Akt1, -2, and -3, resulting in inhibited proliferation of CML cells.|Thus, Bcr-Abl represses the expression of PHLPP1 and PHLPP2 and continuously activates Akt1, -2, and -3 via phosphorylation on Ser-473, resulting in the proliferation of CML cells.	SIGNOR-248728	0.785	
AKT1	protein	P31749	UNIPROT	PFKFB2	protein	O60825	UNIPROT	up-regulates activity	phosphorylation	Ser466	PVRMRRNsFTPLSSS	9606	BTO:0000567								12853467	t		gcesareni	These findings suggest that PKB-dependent binding of 14-3-3s to phospho-Ser483 of cardiac PFK-2 mediates the stimulation of glycolysis by growth factor.	SIGNOR-252555	0.664	
PDPK1	protein	O15530	UNIPROT	AKT1	protein	P31749	UNIPROT	up-regulates activity	phosphorylation	Thr308	KDGATMKtFCGTPEY	9606	BTO:0000567								15718470	t		gcesareni	Akt/PKB activation requires the phosphorylation of Thr308 in the activation loop by the phosphoinositide-dependent kinase 1 (PDK1) and Ser473 within the carboxyl-terminal hydrophobic motif by an unknown kinase.	SIGNOR-252612	0.753	
AKT1	protein	P31749	UNIPROT	ACOT4	protein	Q8N9L9	UNIPROT	up-regulates quantity by stabilization	phosphorylation	Ser392	GGEPRAHsKAQEDAW	9606	BTO:0001861								33148467	t		lperfetto	HSPA1A was found to associate with ACOT4. Furthermore, we found that phosphorylation of ACOT4 at S392 by AKT decreased the binding of ACOT4 to HSPA1A, resulting in ACOT4 accumulation. |AKT phosphorylates ACOT4 at S392 and promotes ACOT4 stability	SIGNOR-271820	0.2	
PPP2CA	protein	P67775	UNIPROT	AKT1	protein	P31749	UNIPROT	down-regulates activity	dephosphorylation	Thr308	KDGATMKtFCGTPEY	10090	BTO:0000944								15367694	t			Protein phosphatase 2A negatively regulates insulin's metabolic signaling pathway by inhibiting Akt (protein kinase B) activity in 3T3-L1 adipocytes	SIGNOR-252614	0.896	
AKT1	protein	P31749	UNIPROT	COPS6	protein	Q7L5N1	UNIPROT	up-regulates	phosphorylation	Ser60	DHWIRMRsQEGRPVQ	9606									23095642	t		llicata	Mechanistic studies show that akt causes csn6 phosphorylation at ser 60, which, in turn, reduces ubiquitin-mediated protein degradation of csn6.	SIGNOR-252532	0.28	
TCL1A	protein	P56279	UNIPROT	AKT1	protein	P31749	UNIPROT	up-regulates	binding			9606	BTO:0000782;BTO:0001271								10983986	t		miannu	Full-length tcl1 and its isoforms bind to akt / in in vitro kinase assays using gsk-3_ as a substrate, we found that the presence of any of the tcl1 family proteins (tcl1, mtcp1, or tcl1b) as gst fusion proteins significantly enhanced akt-induced gsk-3_ phosphorylation	SIGNOR-81680	0.83	
PIAS1	protein	O75925	UNIPROT	AKT1	protein	P31749	UNIPROT	up-regulates activity	sumoylation	Lys276	NVVYRDLkLENLMLD	10090	BTO:0002572								23884910	t		gcesareni	Although multiple sites on Akt could be SUMOylated, K276 was identified as a major SUMO acceptor site. K276R or E278A mutation reduced SUMOylation of Akt but had little effect on its ubiquitination. Strikingly, these mutations also completely abolished Akt kinase activity. In support of these results, we found that expression of PIAS1 and SUMO1 increased Akt activity, whereas expression of SENP1 reduced Akt1 activity.	SIGNOR-252735	0.371	
AKT1	protein	P31749	UNIPROT	KHSRP	protein	Q92945	UNIPROT	down-regulates activity	phosphorylation	Ser193	GLPERSVsLTGAPES	9606									17177604	t		lperfetto	Beta-catenin transcript can be stabilized by either wnt or pi3k-akt signaling activation. Akt phosphorylates ksrp at a unique serine residue akt phosphorylates the mrna decay-promoting factor ksrp at a unique serine residue, induces its association with the multifunctional protein 14-3-3, and prevents ksrp interaction with the exoribonucleolytic complex exosome.	SIGNOR-252497	0.717	
AKT1	protein	P31749	UNIPROT	VIM	protein	P08670	UNIPROT	up-regulates quantity by stabilization	phosphorylation	Ser39	TTSTRTYsLGSALRP	9606									20856200	t		llicata	The binding of akt (tail region) to vim (head region) results in vim ser39 phosphorylation enhancing the ability of vim to induce motility and invasion while protecting vim from caspase-induced proteolysis.	SIGNOR-252511	0.661	
PPP2CA	protein	P67775	UNIPROT	AKT1	protein	P31749	UNIPROT	down-regulates activity	dephosphorylation	Thr308	KDGATMKtFCGTPEY	9606									18160256	t			Overexpression of BTBD10 increased phosphorylation levels of Akts at both Thr(308) and Ser(473) while the reduction of the endogenous BTBD10 level resulted in a decrease in the phosphorylation levels of Akts. In vitro analysis indicated that BTBD10 bound to protein phosphatase 2A (PP2A) and inhibited dephosphorylation of Akts by PP2A.	SIGNOR-248626	0.896	
AKT1	protein	P31749	UNIPROT	SP7	protein	Q8TDD2	UNIPROT	up-regulates	phosphorylation			9606									21777568	t		gcesareni	We found that Akt phosphorylates Osterix and that Akt activation increases protein stability, osteogenic activity and transcriptional activity of Osterix. We also found that BMP-2 increases the protein level of Osterix in an Akt activity-dependent manner.	SIGNOR-195549	0.418	
